payment_id,order_id,payment_sequential,payment_type,payment_installments,payment_value
37881419,691042,1,Mastercard,1,3304.99
99884752,325036,1,Google Pay,1,1138.89
57603926,715765,1,Klarna,3,1096.77
11790726,381221,1,Google Pay,1,3464.96
29392356,268500,1,PayPal,1,4087.59
75139356,910020,1,Mastercard,1,1110.48
85304564,624823,1,Mastercard,1,4219.0
10376939,147706,1,Bank Transfer,1,1317.71
24658571,817077,1,Visa,1,4571.16
48171251,424945,1,iDEAL,1,5883.42
13358640,951711,1,PayPal,1,6703.48
98747631,624036,1,iDEAL,1,4645.62
96134005,475853,1,iDEAL,1,56.34
76296037,652505,1,Mastercard,1,94.33
32133660,740039,1,Klarna,6,437.6
16799350,960211,1,PayPal,1,4572.79
81975566,729268,1,iDEAL,1,960.38
88271527,549638,1,Mastercard,1,4110.49
17442794,671623,1,PayPal,1,1318.66
69981819,458597,1,PayPal,1,66.64
73805891,685838,1,Mastercard,1,2158.59
35120772,703215,1,PayPal,1,1304.29
37004928,324407,1,PayPal,1,2936.18
14154516,162848,1,Google Pay,1,5330.84
99011891,515476,1,Google Pay,1,2833.09
63167180,935257,1,Klarna,1,1443.58
59532538,108952,1,Klarna,1,1081.88
31969863,164717,1,PayPal,1,4243.09
59251687,197888,1,Visa,1,3459.2
63193757,706240,1,Visa,1,1862.93
70949069,737639,1,PayPal,1,5291.96
24579799,798824,1,Google Pay,1,7424.67
50811129,206999,1,Apple Pay,1,4604.42
52688572,379406,1,Mastercard,1,180.18
48250037,773878,1,Visa,1,954.27
52389758,452223,1,Mastercard,1,4471.99
26437178,476926,1,Apple Pay,1,773.5
15891586,528178,1,Bank Transfer,1,1820.37
35678321,115296,1,Visa,1,2467.59
81779881,191766,1,Klarna,6,1417.17
58207149,766328,1,Visa,1,784.06
50670586,703823,1,Apple Pay,1,1532.8
19062446,374799,1,Visa,1,7020.71
98205200,374099,1,Google Pay,1,3356.23
39093869,797228,1,Bank Transfer,1,3375.31
66369786,126076,1,Bank Transfer,1,498.04
95686175,263038,1,Mastercard,1,2524.3
35950157,469304,1,Visa,1,435.54
25336303,842444,1,Bank Transfer,1,137.4
70400753,484904,1,Visa,1,1455.6
64587812,903138,1,Mastercard,1,603.34
75439000,248241,1,Bank Transfer,1,3040.69
50268362,883615,1,Mastercard,1,1810.79
74932706,335960,1,Visa,1,874.62
24514861,559536,1,Bank Transfer,1,36.64
66580425,741896,1,Apple Pay,1,106.54
21558404,801317,1,iDEAL,1,3378.4
71396062,509922,1,Apple Pay,1,3290.28
92572161,600274,1,Apple Pay,1,1093.12
30880960,330117,1,Google Pay,1,62.57
18798573,965161,1,Google Pay,1,9303.45
59667684,332638,1,PayPal,1,5425.61
71085812,474663,1,Visa,1,4363.21
64640540,532113,1,Bank Transfer,1,3570.97
13805742,161022,1,PayPal,1,741.75
82067402,222102,1,Mastercard,1,49.36
48054472,689684,1,Apple Pay,1,3415.53
62289473,614431,1,Bank Transfer,1,3582.27
21310952,487969,1,Mastercard,1,2491.0
98703636,121624,1,iDEAL,1,1732.89
74539067,242913,1,PayPal,1,2126.93
14862921,396827,1,Bank Transfer,1,4642.57
39593854,565978,1,Bank Transfer,1,2299.13
70348398,532076,1,Bank Transfer,1,49.51
77590764,396753,1,Apple Pay,1,5744.04
44589113,423888,1,Visa,1,1318.05
20603467,351852,1,Visa,1,2469.28
71254855,272393,1,PayPal,1,10701.14
98918020,723657,1,Apple Pay,1,8521.96
34462792,991972,1,PayPal,1,1876.15
78246577,636567,1,Bank Transfer,1,3632.23
96108525,454788,1,PayPal,1,4958.11
78483146,276855,1,Visa,1,631.56
64193847,405885,1,Mastercard,1,456.29
53526147,940943,1,Mastercard,1,2434.41
86420277,399313,1,Visa,1,882.97
97758228,676508,1,Bank Transfer,1,467.04
40755952,153682,1,Klarna,1,5722.24
27630225,182885,1,Klarna,12,6308.22
62168296,158603,1,Google Pay,1,2239.43
82875074,240762,1,Bank Transfer,1,1288.79
16425415,812617,1,Bank Transfer,1,4071.91
12803344,810390,1,Apple Pay,1,3607.71
89313682,649278,1,iDEAL,1,694.61
13765698,819837,1,PayPal,1,623.74
45158621,923792,1,Bank Transfer,1,3824.2
65983486,463682,1,Bank Transfer,1,1721.24
90306630,391621,1,iDEAL,1,2839.05
68290029,446058,1,iDEAL,1,4416.52
99577041,663514,1,Bank Transfer,1,98.29
25381170,672515,1,iDEAL,1,975.91
13880890,508310,1,Bank Transfer,1,3434.86
14235431,653709,1,Bank Transfer,1,626.87
97121202,945443,1,Google Pay,1,3171.17
83310139,381895,1,Bank Transfer,1,1673.17
63861441,119334,1,Mastercard,1,5028.01
82223972,344452,1,Mastercard,1,2307.59
98386805,508199,1,PayPal,1,764.27
57653583,790450,1,Google Pay,1,2712.46
75825402,444556,1,Google Pay,1,9718.74
91352375,865727,1,Apple Pay,1,62.03
87536436,937674,1,Mastercard,1,548.32
15222140,560931,1,Klarna,3,1482.38
26856240,373844,1,Klarna,6,5107.82
59856802,544204,1,iDEAL,1,480.37
76500823,275375,1,Klarna,6,4341.13
94897594,122639,1,Visa,1,997.99
10781533,444715,1,Mastercard,1,1878.61
33271301,474084,1,Mastercard,1,13210.55
16216311,846228,1,Google Pay,1,3641.26
43124266,108767,1,iDEAL,1,1614.81
18426861,709068,1,Bank Transfer,1,386.03
37033759,210025,1,Klarna,12,1897.92
80153262,423660,1,iDEAL,1,2499.01
35501853,218593,1,iDEAL,1,2468.95
10408169,677349,1,PayPal,1,36.64
70795586,500730,1,Klarna,3,2117.66
46766121,515065,1,Apple Pay,1,4527.74
13738069,935640,1,Bank Transfer,1,7075.4
95191567,155276,1,Mastercard,1,2713.77
35248952,804986,1,Mastercard,1,1440.59
58833399,553207,1,Mastercard,1,281.2
70589404,618608,1,Bank Transfer,1,311.98
15899087,916085,1,Mastercard,1,66.27
21812230,763656,1,iDEAL,1,98.56
36002006,972489,1,Klarna,1,5269.37
90551608,966411,1,Mastercard,1,1199.52
93937288,980592,1,Klarna,12,483.73
29259734,804665,1,PayPal,1,1092.64
12364323,596077,1,Apple Pay,1,2096.14
97457514,103575,1,Apple Pay,1,71.84
31284417,313946,1,Mastercard,1,671.18
40773670,691447,1,Bank Transfer,1,362.76
10154610,287507,1,Visa,1,2030.71
98633900,926420,1,Apple Pay,1,2704.9
58693685,748840,1,Klarna,1,1524.57
46139794,640478,1,Google Pay,1,36.37
44392867,802366,1,iDEAL,1,7425.32
19233763,495838,1,iDEAL,1,5652.91
10818584,719669,1,Bank Transfer,1,8753.82
57079805,195152,1,Apple Pay,1,4309.75
79604532,226642,1,iDEAL,1,175.86
28548718,228079,1,Visa,1,3645.87
62285811,103530,1,iDEAL,1,4057.5
40263960,376787,1,Visa,1,53.69
71351225,640027,1,Klarna,3,4898.99
75950931,838100,1,Bank Transfer,1,4054.92
72862938,899857,1,Apple Pay,1,2316.93
24491963,773062,1,iDEAL,1,2627.28
22860419,131967,1,Klarna,6,6055.82
10407946,913714,1,iDEAL,1,1400.62
54485217,794335,1,Bank Transfer,1,1538.66
21692709,846862,1,PayPal,1,2418.43
18712386,477721,1,Visa,1,2196.69
16782830,610273,1,Mastercard,1,310.51
31676709,898903,1,iDEAL,1,9653.1
87541846,165160,1,Klarna,12,4600.25
31244188,838856,1,Mastercard,1,39.45
99288937,713014,1,Bank Transfer,1,31.36
78988546,908553,1,Klarna,12,3159.53
97680185,852891,1,Klarna,6,601.35
48804957,199254,1,Apple Pay,1,2589.09
14255294,639532,1,iDEAL,1,5845.06
53168805,318714,1,Apple Pay,1,4701.12
45867854,572279,1,Mastercard,1,3111.66
24457541,869747,1,Mastercard,1,1314.18
29313621,593813,1,Bank Transfer,1,2405.19
94484457,999929,1,Mastercard,1,1101.88
58101235,266228,1,Visa,1,743.94
57747860,214759,1,Visa,1,530.93
82809587,793763,1,Google Pay,1,80.61
39882845,523851,1,Bank Transfer,1,607.46
93068178,763464,1,iDEAL,1,2224.64
43125665,710600,1,Visa,1,5321.39
25770613,916296,1,Mastercard,1,1257.83
72581280,202119,1,PayPal,1,7319.26
32780853,494574,1,Apple Pay,1,2921.12
27164779,634488,1,Mastercard,1,1881.56
91327887,634620,1,Bank Transfer,1,1049.04
45373551,206802,1,Apple Pay,1,71.72
52936786,469044,1,PayPal,1,1906.0
74815960,420978,1,Bank Transfer,1,1857.61
64349054,634337,1,Bank Transfer,1,5795.44
55882959,575620,1,Mastercard,1,861.97
90670819,784429,1,PayPal,1,2472.21
93234314,867547,1,Google Pay,1,7233.15
62817178,823180,1,Bank Transfer,1,5538.84
35854636,638205,1,Bank Transfer,1,65.78
22647100,917558,1,Apple Pay,1,6258.46
93299441,709065,1,Bank Transfer,1,2243.38
69301625,147064,1,Google Pay,1,1970.18
37544348,435381,1,iDEAL,1,55.76
71207056,431401,1,Bank Transfer,1,3918.41
20429654,239587,1,Google Pay,1,365.65
61404055,672912,1,Apple Pay,1,3739.87
89345919,750139,1,Bank Transfer,1,5523.58
87226171,515201,1,Google Pay,1,970.18
24620643,124188,1,Klarna,6,3516.43
12463579,493445,1,Klarna,3,6585.95
80023286,684658,1,Visa,1,4559.62
60063549,202504,1,PayPal,1,3526.45
33027716,346568,1,iDEAL,1,3825.66
32129142,490319,1,Klarna,3,2012.61
28402424,822325,1,Google Pay,1,2826.29
85857400,766788,1,Visa,1,366.96
62365943,122747,1,PayPal,1,1156.05
33274451,338494,1,Mastercard,1,3500.12
98703909,310221,1,Apple Pay,1,65.47
74788914,292399,1,Google Pay,1,1846.92
79845416,356814,1,iDEAL,1,4374.13
87514871,459495,1,Google Pay,1,1240.33
58996775,209803,1,Visa,1,2488.09
16028353,672339,1,Mastercard,1,2459.34
80764644,546187,1,Mastercard,1,1351.34
11970480,882507,1,Klarna,1,1369.78
22811286,573838,1,Bank Transfer,1,4206.87
75612318,944251,1,Apple Pay,1,1538.79
65535266,882971,1,PayPal,1,3232.55
56739317,111864,1,Mastercard,1,884.61
73753522,319599,1,iDEAL,1,7076.8
82919215,688339,1,Mastercard,1,79.64
65368128,443113,1,Mastercard,1,849.3
83017580,256156,1,Bank Transfer,1,410.09
42855021,676637,1,iDEAL,1,3521.81
52437518,818638,1,Apple Pay,1,2721.34
83413284,789601,1,Visa,1,7449.14
20025522,342786,1,Klarna,1,2071.31
54780487,409776,1,Mastercard,1,2966.96
95105730,292411,1,Google Pay,1,3881.27
51363851,790650,1,Apple Pay,1,913.59
40100699,323895,1,iDEAL,1,5787.03
11991638,185543,1,Visa,1,1216.83
83598800,153434,1,Apple Pay,1,524.12
70223188,970799,1,Google Pay,1,2077.54
75532188,656110,1,Mastercard,1,1250.99
46160602,156524,1,PayPal,1,4543.38
51469097,634087,1,Mastercard,1,64.17
26328333,799057,1,Visa,1,5605.52
58632915,946790,1,PayPal,1,911.64
27571909,943895,1,PayPal,1,1864.24
56438994,731584,1,Mastercard,1,5562.61
63568293,606210,1,Visa,1,3455.19
53067272,592006,1,Visa,1,2646.88
36880516,560439,1,Mastercard,1,3165.43
77184644,345813,1,Bank Transfer,1,1182.94
77692616,101576,1,Klarna,1,1141.28
76692256,300622,1,Visa,1,3215.73
30538912,137935,1,iDEAL,1,249.99
96946982,541733,1,Klarna,12,2515.2
82961787,311045,1,Google Pay,1,851.94
62905050,640039,1,Visa,1,1367.54
32052830,690800,1,Visa,1,3916.2
59921021,986673,1,iDEAL,1,2688.42
82934439,190848,1,Google Pay,1,7771.8
92881573,124445,1,Apple Pay,1,4459.75
79552225,141717,1,Klarna,3,4678.05
62641785,344390,1,Bank Transfer,1,812.56
32441775,942419,1,PayPal,1,1350.16
18690899,904486,1,PayPal,1,6358.54
26935358,140139,1,iDEAL,1,1740.22
45391622,610307,1,iDEAL,1,1963.33
61257722,297514,1,Google Pay,1,3384.74
96858400,996747,1,iDEAL,1,3684.73
19905485,557158,1,Google Pay,1,1729.94
15186602,900436,1,iDEAL,1,730.42
60956379,483080,1,Google Pay,1,437.3
37108335,798496,1,iDEAL,1,724.73
93356471,558249,1,Klarna,3,709.09
82132807,120948,1,Bank Transfer,1,1050.4
56255912,821468,1,PayPal,1,1333.59
10440970,496265,1,Google Pay,1,1273.39
25075087,251133,1,Klarna,6,72.38
58045191,367583,1,iDEAL,1,129.87
19781969,282264,1,Visa,1,629.27
97508506,887915,1,Apple Pay,1,3922.07
12065404,576046,1,Klarna,12,1264.15
43471604,550560,1,Bank Transfer,1,4370.73
41644281,586596,1,PayPal,1,536.88
61120152,442890,1,Mastercard,1,96.33
35085498,319975,1,Visa,1,491.58
78634615,720673,1,Mastercard,1,2403.96
54128874,282851,1,iDEAL,1,1428.61
12670321,488858,1,Mastercard,1,542.13
87627732,101750,1,PayPal,1,812.69
48189375,301983,1,Visa,1,2704.52
26229820,289810,1,Visa,1,4719.45
83091096,906193,1,Klarna,3,3885.89
79882457,476607,1,Apple Pay,1,2235.7
41107986,651034,1,Google Pay,1,4895.99
12457440,896439,1,iDEAL,1,621.44
39098056,829261,1,Google Pay,1,1468.39
51930545,129448,1,Mastercard,1,481.47
88542538,805097,1,iDEAL,1,500.41
75344548,972028,1,PayPal,1,1871.96
25837317,787076,1,Google Pay,1,659.58
53749375,610669,1,Klarna,6,4956.39
38184484,829033,1,Bank Transfer,1,4679.26
32070301,647580,1,Apple Pay,1,6325.52
60725729,861821,1,Google Pay,1,4263.67
88722268,652293,1,Google Pay,1,1716.37
11844105,194476,1,Mastercard,1,1237.52
94354468,916437,1,Visa,1,5629.03
52707932,831405,1,Visa,1,372.95
97628683,947747,1,Apple Pay,1,6971.53
89551952,411904,1,Apple Pay,1,1390.29
28660845,295809,1,Klarna,12,4121.48
75290573,898774,1,Visa,1,136.09
24144136,451795,1,iDEAL,1,3609.0
36652497,364567,1,PayPal,1,2679.77
15059602,130938,1,Visa,1,4263.26
12251936,479060,1,Apple Pay,1,4408.93
23613877,462880,1,iDEAL,1,3242.79
59163209,569152,1,Apple Pay,1,1306.79
38052747,675635,1,Klarna,12,4219.77
23722339,486428,1,Mastercard,1,4878.03
75841681,516710,1,Visa,1,5393.2
53533853,301880,1,Mastercard,1,7030.33
58589689,814732,1,iDEAL,1,3724.23
21425574,985956,1,Mastercard,1,3793.93
60369520,893802,1,Klarna,12,661.43
66721096,821174,1,Mastercard,1,1495.29
47228006,625106,1,Visa,1,5560.54
62829618,737711,1,Visa,1,5164.76
94401178,867198,1,Mastercard,1,3386.02
72250422,970779,1,Bank Transfer,1,2842.51
72815878,767728,1,iDEAL,1,821.2
19981100,567277,1,Visa,1,1170.84
11880983,584357,1,Klarna,6,722.27
74889069,734596,1,iDEAL,1,1852.45
31714971,136813,1,Mastercard,1,2307.35
50242091,612123,1,Apple Pay,1,1452.58
37612284,513326,1,Mastercard,1,4333.41
62835189,234429,1,Visa,1,1557.84
91992234,688683,1,PayPal,1,3707.11
91269988,397206,1,Google Pay,1,2524.44
64365919,689386,1,Google Pay,1,794.63
38862521,295311,1,Mastercard,1,4812.23
59662382,187676,1,Mastercard,1,6059.82
78385801,261749,1,PayPal,1,4590.96
64219164,964301,1,Google Pay,1,6045.78
46248912,373592,1,iDEAL,1,4489.31
90550775,123635,1,Klarna,12,2027.4
25903882,922056,1,iDEAL,1,1040.43
73349983,659670,1,Klarna,3,1075.36
70137728,870525,1,Bank Transfer,1,4984.19
48960097,259066,1,Mastercard,1,5843.26
33164608,944965,1,iDEAL,1,441.65
80246694,395687,1,Klarna,12,479.5
65641949,821184,1,Klarna,3,2996.32
49439277,318839,1,Apple Pay,1,1418.49
52574134,514273,1,Klarna,12,2326.66
86350062,904658,1,Bank Transfer,1,187.31
37228929,185635,1,Visa,1,4924.04
23267522,918277,1,Visa,1,744.46
48099055,452746,1,PayPal,1,61.81
97254110,430324,1,Apple Pay,1,1078.99
89695478,386211,1,Bank Transfer,1,2315.38
42507793,852564,1,Bank Transfer,1,99.1
67463009,364014,1,PayPal,1,70.11
62365625,771942,1,PayPal,1,4635.66
59249892,288043,1,Bank Transfer,1,2477.44
20994497,400789,1,Bank Transfer,1,652.3
90110768,991990,1,Google Pay,1,3926.43
32984752,386991,1,Klarna,1,840.5
99295872,677588,1,iDEAL,1,3703.14
26947164,913581,1,iDEAL,1,3641.68
34524904,534740,1,Klarna,1,777.95
84080690,570670,1,Mastercard,1,1287.8
25764450,274419,1,Bank Transfer,1,558.97
36962376,234194,1,iDEAL,1,7266.34
14620916,449272,1,Bank Transfer,1,132.59
30977751,299762,1,Visa,1,3767.09
37881811,465649,1,Apple Pay,1,2536.55
64921434,609447,1,Bank Transfer,1,4178.31
55554407,720134,1,PayPal,1,6307.81
59604991,301608,1,Apple Pay,1,2339.45
68888273,378330,1,Visa,1,2829.73
92099584,629663,1,Bank Transfer,1,161.43
62028313,446358,1,Mastercard,1,4797.83
17934808,854967,1,Visa,1,4601.45
76790971,634974,1,iDEAL,1,2129.39
79851989,288701,1,Visa,1,3596.85
63463675,984699,1,Bank Transfer,1,4057.23
77781524,538681,1,Apple Pay,1,3633.28
43999499,484021,1,Visa,1,4288.52
93144602,753102,1,Visa,1,140.43
89775417,109997,1,Apple Pay,1,5248.03
62147947,180139,1,PayPal,1,7325.98
52817302,520471,1,Visa,1,95.27
88059684,741121,1,PayPal,1,3856.51
19822443,505842,1,PayPal,1,4913.53
73804752,297790,1,Apple Pay,1,3087.33
15452175,311744,1,Visa,1,2695.6
27436920,499202,1,Visa,1,3028.29
39298032,692102,1,Visa,1,3985.46
98563799,193135,1,Bank Transfer,1,3985.2
13454641,402543,1,iDEAL,1,2932.46
17205602,209334,1,Apple Pay,1,4583.18
81333032,394933,1,Klarna,12,4554.09
80819471,584682,1,Bank Transfer,1,3117.88
32801968,308133,1,Apple Pay,1,1369.22
37300805,827083,1,iDEAL,1,6324.11
22850087,566251,1,Visa,1,7437.71
20828144,148709,1,PayPal,1,2474.93
56912910,939540,1,Klarna,12,926.7
94432588,682410,1,Visa,1,3912.63
55319888,955189,1,Bank Transfer,1,2608.87
26754764,179189,1,iDEAL,1,1900.61
20367036,573613,1,Google Pay,1,5549.04
51614443,783805,1,Apple Pay,1,159.2
22762247,198859,1,PayPal,1,1698.95
41786462,608415,1,Visa,1,4552.85
76458003,146340,1,iDEAL,1,5818.4
18145042,717653,1,Visa,1,73.81
98784986,786817,1,Apple Pay,1,3427.84
41024308,350882,1,Visa,1,4546.99
79615885,276774,1,Bank Transfer,1,971.32
16739888,500975,1,PayPal,1,4666.26
36752371,545517,1,PayPal,1,4216.21
10682528,929314,1,iDEAL,1,82.62
88671363,399565,1,Bank Transfer,1,1915.87
11890132,359782,1,PayPal,1,552.7
47132734,586356,1,Bank Transfer,1,83.74
80432919,336496,1,Google Pay,1,982.93
27755877,603504,1,Visa,1,753.43
94360833,446312,1,Bank Transfer,1,814.34
87130185,902275,1,iDEAL,1,7011.59
31468355,997326,1,Mastercard,1,6929.36
53290242,799781,1,Mastercard,1,1763.95
96739376,753076,1,iDEAL,1,1299.74
16235155,663330,1,Klarna,3,5574.0
62537568,353169,1,iDEAL,1,5855.89
70068945,944814,1,Mastercard,1,4984.49
18038938,989256,1,PayPal,1,4782.77
35504414,600030,1,Apple Pay,1,991.56
32312546,355149,1,Visa,1,7813.96
66651373,107870,1,Mastercard,1,2901.74
18827418,341427,1,iDEAL,1,6857.75
24814251,417552,1,Visa,1,101.41
39682748,214149,1,PayPal,1,2766.39
74289098,124623,1,Apple Pay,1,2053.66
87097552,540108,1,Mastercard,1,1468.2
42727215,547615,1,Google Pay,1,4420.04
35465384,956307,1,Apple Pay,1,7035.8
65635058,424332,1,Mastercard,1,6500.15
42080466,914305,1,Apple Pay,1,973.93
98470426,111346,1,Visa,1,460.49
10773589,795347,1,Google Pay,1,2003.8
47621936,108332,1,Bank Transfer,1,1306.99
10600203,623943,1,Apple Pay,1,1225.08
86714745,730630,1,iDEAL,1,1094.51
31977855,710749,1,iDEAL,1,2549.32
67719832,656879,1,Mastercard,1,124.99
25813133,546684,1,Google Pay,1,2465.6
15570875,519324,1,Apple Pay,1,9237.15
53754003,560531,1,Apple Pay,1,4139.36
21782355,675572,1,Mastercard,1,1285.67
51998036,668697,1,Apple Pay,1,5026.75
19178112,735156,1,Visa,1,76.65
21621799,319759,1,Apple Pay,1,723.84
23710742,731176,1,Klarna,1,1093.1
44170059,361159,1,PayPal,1,3075.84
64008389,299333,1,Klarna,12,63.14
67493852,940798,1,iDEAL,1,2369.11
35938783,986181,1,PayPal,1,1949.4
85928207,347306,1,iDEAL,1,243.25
92411082,956042,1,Bank Transfer,1,2751.44
71574088,479431,1,Klarna,1,578.19
34121570,544365,1,Google Pay,1,70.58
18123529,336021,1,Klarna,3,8838.46
67243980,750145,1,Mastercard,1,921.2
97122144,103831,1,iDEAL,1,131.23
98966038,557232,1,iDEAL,1,2976.31
14668966,798056,1,Bank Transfer,1,2965.32
60810741,739692,1,Google Pay,1,1867.58
98026388,981989,1,Mastercard,1,5364.9
31836230,440807,1,Google Pay,1,117.37
96467314,303745,1,Klarna,1,933.75
92334078,889373,1,Apple Pay,1,879.09
67253019,173640,1,Mastercard,1,2375.57
35572307,838155,1,PayPal,1,6192.8
18437679,336299,1,iDEAL,1,431.21
82066915,180742,1,iDEAL,1,830.36
65947773,665530,1,Mastercard,1,446.5
34950189,227328,1,Mastercard,1,1087.61
60559618,685151,1,Visa,1,178.74
47474513,705808,1,Bank Transfer,1,1350.71
57247829,207272,1,iDEAL,1,3247.31
32153373,812749,1,PayPal,1,1903.91
20221407,912961,1,iDEAL,1,522.48
24192930,772490,1,PayPal,1,92.52
21034533,850549,1,Bank Transfer,1,973.63
73411665,617865,1,Google Pay,1,6634.04
47080489,570054,1,Klarna,1,9499.64
24975946,934690,1,iDEAL,1,892.6
18422679,581026,1,Google Pay,1,67.08
30186808,979765,1,PayPal,1,3500.4
59084752,226695,1,Mastercard,1,1179.73
20340403,403203,1,Visa,1,4414.16
58760137,666274,1,Visa,1,101.0
41112064,532170,1,Klarna,12,573.55
98953427,519547,1,Visa,1,3665.56
54689102,504669,1,Apple Pay,1,3013.59
80070915,745543,1,Visa,1,1341.53
47276343,549657,1,Google Pay,1,4439.0
41313604,459516,1,Mastercard,1,9789.42
41626455,847295,1,Mastercard,1,155.32
53539797,959726,1,Apple Pay,1,2059.2
73406635,624076,1,PayPal,1,1568.21
14630835,884205,1,Google Pay,1,116.55
82650733,683807,1,Mastercard,1,1193.74
95395050,432325,1,Apple Pay,1,1624.61
17733416,442142,1,Klarna,6,670.65
71988791,483353,1,Klarna,6,3328.61
18218020,482461,1,Klarna,1,2538.34
86498376,224118,1,Klarna,1,1614.18
11644732,498210,1,Visa,1,2904.59
33839246,603040,1,Bank Transfer,1,2654.83
72696475,797614,1,Mastercard,1,4555.21
50980902,556418,1,Visa,1,265.08
99743221,688030,1,Klarna,1,4674.79
34524740,677034,1,Visa,1,1390.98
20211173,862691,1,Mastercard,1,7855.07
64965271,800162,1,Mastercard,1,4864.64
38683975,170974,1,iDEAL,1,4480.47
88227317,999916,1,PayPal,1,2373.43
81391338,420120,1,Bank Transfer,1,3360.5
85693253,882269,1,Bank Transfer,1,285.14
73923971,769575,1,Bank Transfer,1,5205.08
53598918,736196,1,Visa,1,2222.47
43333925,150415,1,Mastercard,1,3258.78
13723441,975690,1,PayPal,1,3282.77
10026612,232715,1,PayPal,1,4321.21
56787946,548254,1,Mastercard,1,3399.48
11262420,865869,1,Apple Pay,1,4043.0
34383153,408139,1,Mastercard,1,3097.02
34087110,885383,1,Google Pay,1,3388.38
72407326,584688,1,Apple Pay,1,6044.35
70745103,708675,1,Apple Pay,1,255.19
53276103,996463,1,Klarna,12,3612.5
30761212,555239,1,PayPal,1,47.96
12131087,813099,1,Mastercard,1,1822.54
97102189,469780,1,PayPal,1,939.24
74800874,709367,1,Google Pay,1,3187.44
84113538,641965,1,Mastercard,1,1076.92
43786144,914985,1,Mastercard,1,68.77
97276991,507810,1,PayPal,1,106.98
58884114,366507,1,Visa,1,3973.61
52549630,229684,1,Apple Pay,1,1784.53
68747885,826412,1,PayPal,1,3219.67
70364706,803577,1,Visa,1,3217.95
91874928,304932,1,PayPal,1,7025.24
75354405,832191,1,Bank Transfer,1,1100.83
53212329,646683,1,Mastercard,1,3655.7
15226225,755319,1,Mastercard,1,2249.22
13378953,930773,1,Google Pay,1,371.43
62390786,797394,1,Mastercard,1,4278.88
96629879,537581,1,Apple Pay,1,129.24
90818162,586652,1,Google Pay,1,5276.15
64127168,277570,1,PayPal,1,958.73
82748882,317620,1,Visa,1,893.78
55725727,128645,1,Apple Pay,1,2034.06
59682522,974937,1,Google Pay,1,496.19
17950982,236753,1,Visa,1,2906.9
85917901,469966,1,Klarna,6,1671.36
11292322,661786,1,PayPal,1,2878.59
32866508,276456,1,PayPal,1,3030.22
56071766,178966,1,Klarna,6,4720.32
22401412,748214,1,Bank Transfer,1,3792.5
77100316,692548,1,Bank Transfer,1,204.55
51390581,104593,1,Google Pay,1,3209.16
49205151,320059,1,Google Pay,1,5113.49
62476480,725932,1,Bank Transfer,1,3045.84
88918598,749737,1,Mastercard,1,4529.66
98957029,199889,1,iDEAL,1,3287.57
75047854,157278,1,Klarna,3,3127.81
64366979,980332,1,Bank Transfer,1,2296.6
39062754,908914,1,Mastercard,1,4671.03
87417212,826326,1,PayPal,1,4408.7
98126482,600496,1,PayPal,1,4192.23
92625109,620660,1,Visa,1,1688.88
90755109,156936,1,Visa,1,3760.27
94780938,801992,1,Klarna,12,4704.01
49533643,359251,1,Bank Transfer,1,2983.46
76381944,786942,1,Apple Pay,1,4912.95
79719311,136524,1,Bank Transfer,1,499.12
57375176,433680,1,iDEAL,1,902.95
39226082,369121,1,Mastercard,1,63.84
79992451,609190,1,Mastercard,1,1546.43
36522222,739004,1,Apple Pay,1,2216.3
34585080,601574,1,Visa,1,2388.08
76618007,443103,1,Google Pay,1,2372.98
23451214,599580,1,iDEAL,1,957.88
90798372,550142,1,Mastercard,1,1006.82
78572966,556066,1,Apple Pay,1,6150.48
74157705,549855,1,Bank Transfer,1,7672.65
90905395,906660,1,Mastercard,1,5681.74
97565561,950924,1,Visa,1,3305.88
55690580,991969,1,Apple Pay,1,1927.58
31231966,818758,1,Bank Transfer,1,8383.51
59847526,407568,1,PayPal,1,1196.01
55397692,499656,1,Mastercard,1,7442.71
22425949,187332,1,Klarna,3,7122.94
30746455,361281,1,Bank Transfer,1,495.08
97021086,188107,1,Google Pay,1,1922.66
71426398,445144,1,Apple Pay,1,2471.65
85316078,759395,1,iDEAL,1,2713.17
70833989,618319,1,PayPal,1,813.08
39021320,249400,1,Apple Pay,1,785.19
75680486,588967,1,PayPal,1,5640.86
68807441,595240,1,Google Pay,1,6597.81
44412932,382928,1,Klarna,12,5796.46
37388722,644487,1,Klarna,1,3967.91
24672006,963236,1,iDEAL,1,44.43
23842319,434115,1,Google Pay,1,5547.37
87030788,971557,1,Bank Transfer,1,1636.75
37424129,642190,1,Bank Transfer,1,3925.16
65384981,489041,1,Google Pay,1,2187.39
99675257,671269,1,iDEAL,1,1799.46
92880235,467001,1,iDEAL,1,925.98
70409954,913469,1,Mastercard,1,1665.17
13541410,111374,1,Apple Pay,1,738.91
38798390,754229,1,Google Pay,1,2750.3
40542443,502862,1,iDEAL,1,3888.19
89112758,752242,1,Klarna,6,876.23
31644674,199229,1,Klarna,12,1260.75
90396349,105045,1,Google Pay,1,2010.89
73526570,159976,1,Apple Pay,1,2406.07
11614798,955173,1,Mastercard,1,10312.78
56609396,622519,1,Apple Pay,1,3247.12
57870975,575815,1,Klarna,6,3868.5
80539797,334700,1,Visa,1,566.66
50554676,110081,1,Apple Pay,1,1123.74
28196993,805932,1,iDEAL,1,577.44
44175035,998262,1,Bank Transfer,1,3826.2
58079291,256845,1,Klarna,3,1345.44
89288389,410593,1,PayPal,1,3891.9
78386386,284866,1,Mastercard,1,3905.96
58242543,585458,1,Mastercard,1,8719.8
76072213,889897,1,Klarna,3,2608.29
52139455,274676,1,Visa,1,71.62
17566518,675029,1,Bank Transfer,1,2876.17
56312102,549100,1,Google Pay,1,1772.88
97364701,386531,1,Google Pay,1,1952.68
34619424,668144,1,Mastercard,1,1508.87
57690557,733900,1,Klarna,12,2866.04
46711461,478136,1,Mastercard,1,3011.65
40431722,603526,1,Mastercard,1,2756.31
88920243,991716,1,PayPal,1,3229.15
16071373,121654,1,PayPal,1,2279.62
73583294,784820,1,Google Pay,1,4881.06
54252374,744245,1,Google Pay,1,6172.45
55592512,260317,1,Apple Pay,1,490.21
33704428,184081,1,Klarna,3,878.81
21733179,516970,1,PayPal,1,1714.9
72427310,836200,1,Bank Transfer,1,4233.66
69261078,420144,1,Bank Transfer,1,122.88
67554058,650491,1,iDEAL,1,230.64
47619952,326658,1,Apple Pay,1,62.2
57610435,385106,1,Google Pay,1,969.12
95293426,559517,1,PayPal,1,3728.98
23010357,662196,1,Klarna,6,69.76
64228569,307819,1,Visa,1,91.2
77954921,513684,1,iDEAL,1,6686.98
19060834,727933,1,Apple Pay,1,3305.2
84875331,893176,1,iDEAL,1,126.13
24595706,600653,1,Google Pay,1,3502.13
16368863,616149,1,Bank Transfer,1,6146.12
41109256,123545,1,iDEAL,1,1747.62
36982203,668298,1,PayPal,1,2228.0
47498078,272070,1,Klarna,1,1226.36
71953323,862018,1,Google Pay,1,3078.02
69030830,800098,1,Apple Pay,1,4912.04
68808327,564729,1,Bank Transfer,1,7061.51
49253789,864562,1,Bank Transfer,1,3654.65
53687554,615611,1,Bank Transfer,1,973.78
63576296,979651,1,Visa,1,1449.23
23524868,110853,1,Apple Pay,1,79.59
86081634,481260,1,Bank Transfer,1,805.11
14793794,385485,1,Visa,1,771.78
62255219,141464,1,iDEAL,1,3014.85
75775348,454176,1,Visa,1,1543.45
83164224,215128,1,Bank Transfer,1,7757.69
25790906,973687,1,Klarna,1,2706.78
62057269,605181,1,PayPal,1,2821.67
71070969,486454,1,Google Pay,1,651.89
57163748,715682,1,PayPal,1,132.94
73968168,914995,1,PayPal,1,6248.09
91611910,809466,1,Google Pay,1,1530.56
34486854,311284,1,Visa,1,2260.55
36622465,302718,1,Mastercard,1,2374.17
20142863,237107,1,Klarna,12,6847.94
94582806,383590,1,iDEAL,1,86.61
52723522,581850,1,Google Pay,1,5147.03
26351091,516351,1,Klarna,3,3339.74
85387667,895119,1,Apple Pay,1,5767.03
67083531,336984,1,Mastercard,1,4844.54
81802821,403949,1,PayPal,1,1916.8
88576010,111585,1,iDEAL,1,2406.59
49597477,269109,1,Google Pay,1,3204.92
91255244,560606,1,Apple Pay,1,1047.76
32820240,486195,1,iDEAL,1,2918.86
39314300,827612,1,Bank Transfer,1,1257.18
68774158,311244,1,Apple Pay,1,2181.83
18948623,438768,1,PayPal,1,3589.55
60604154,259227,1,Mastercard,1,104.7
76975822,225868,1,Bank Transfer,1,65.53
31209472,799643,1,iDEAL,1,2930.44
43791984,567775,1,Visa,1,3604.82
10167642,474211,1,Bank Transfer,1,1460.56
16647523,743928,1,iDEAL,1,1277.6
22297966,895166,1,Visa,1,86.36
51471873,554967,1,Visa,1,1273.72
34673914,179837,1,PayPal,1,3042.69
70348065,328474,1,Klarna,1,471.09
66355431,453123,1,Google Pay,1,1346.86
95169759,889111,1,Bank Transfer,1,1432.37
57532990,841031,1,Klarna,6,1071.08
36496661,835978,1,Bank Transfer,1,3430.04
68436897,637233,1,PayPal,1,3107.97
52865262,353754,1,PayPal,1,7565.14
80017259,215138,1,iDEAL,1,7065.6
79236666,787148,1,iDEAL,1,2503.85
44465191,919416,1,Bank Transfer,1,3895.64
46812628,309553,1,Apple Pay,1,8266.74
83769991,243575,1,Mastercard,1,7777.8
31935675,315058,1,Mastercard,1,2000.0
27100011,244705,1,Visa,1,95.53
85324774,863922,1,PayPal,1,807.71
69405991,417055,1,Apple Pay,1,2172.31
11282313,645584,1,Bank Transfer,1,58.48
84171928,682848,1,PayPal,1,1617.48
47046505,439713,1,iDEAL,1,1659.74
68612330,204754,1,Visa,1,4104.13
71003453,990309,1,PayPal,1,3190.62
45782907,737422,1,Klarna,1,2210.72
29379282,909287,1,Bank Transfer,1,2161.24
60253596,178118,1,Klarna,3,2353.08
27997167,526262,1,Klarna,6,1443.59
14149518,175518,1,iDEAL,1,4779.81
17481900,794309,1,iDEAL,1,4758.08
43460051,541504,1,Visa,1,4543.48
70608257,191092,1,Bank Transfer,1,3900.71
86348916,133819,1,Klarna,12,117.72
91185164,652521,1,Klarna,3,698.12
82728279,542301,1,Klarna,3,537.05
69418273,225492,1,Visa,1,6602.02
24039688,806691,1,PayPal,1,272.36
61019279,793711,1,Klarna,12,967.43
90990998,107280,1,Visa,1,188.01
77639684,403360,1,Google Pay,1,2342.02
16101815,652060,1,Bank Transfer,1,1152.69
70790757,776451,1,Bank Transfer,1,8049.14
89360541,317771,1,Apple Pay,1,5125.32
93320233,619828,1,PayPal,1,174.72
55096196,575927,1,Apple Pay,1,361.94
97822551,698545,1,Google Pay,1,3332.12
81402617,315264,1,Bank Transfer,1,4040.62
48107037,613795,1,Google Pay,1,3237.22
70254505,718467,1,Bank Transfer,1,557.7
18047543,972511,1,Apple Pay,1,2568.82
74208383,886133,1,iDEAL,1,9623.76
92494204,108446,1,Mastercard,1,1768.12
15811632,478822,1,iDEAL,1,1277.02
68175414,350201,1,Apple Pay,1,203.7
56080039,102400,1,Apple Pay,1,1238.62
10510501,154902,1,Bank Transfer,1,1816.86
29831675,131928,1,PayPal,1,2276.83
57313778,901961,1,Mastercard,1,3812.54
98113595,509300,1,Google Pay,1,496.28
39763258,648989,1,iDEAL,1,40.99
24576913,954638,1,PayPal,1,72.07
31570546,827274,1,Google Pay,1,1381.55
23305386,645846,1,Google Pay,1,64.65
88135503,136053,1,PayPal,1,3836.73
19626293,865898,1,Klarna,6,3196.35
83231180,574599,1,Apple Pay,1,1699.47
42329824,265199,1,iDEAL,1,843.22
35651493,273792,1,Mastercard,1,5252.72
48835431,711413,1,Google Pay,1,976.77
56864579,666053,1,Klarna,3,1095.07
93209164,891844,1,Google Pay,1,3404.99
72910251,743621,1,Bank Transfer,1,205.69
84426313,540821,1,Bank Transfer,1,3034.18
59751791,104020,1,Bank Transfer,1,1003.21
38038241,326840,1,Mastercard,1,966.34
47121800,330024,1,Google Pay,1,1793.34
47942332,921924,1,iDEAL,1,251.28
38525793,593121,1,Bank Transfer,1,9710.09
12019530,317674,1,Mastercard,1,2594.68
48804489,661372,1,Bank Transfer,1,80.83
59198754,581785,1,Klarna,3,1680.88
38580018,996116,1,Klarna,12,1157.92
98751008,493673,1,PayPal,1,1495.06
81093870,838864,1,iDEAL,1,106.09
43086476,231685,1,Mastercard,1,73.43
82836282,181231,1,Klarna,12,482.58
75970666,267864,1,Apple Pay,1,185.92
61540953,237973,1,Mastercard,1,3803.3
99121603,830931,1,iDEAL,1,1978.78
43575102,711341,1,Klarna,6,123.89
67355882,760977,1,Google Pay,1,3217.68
39701519,841732,1,Apple Pay,1,3927.39
45359236,919394,1,PayPal,1,1204.35
42687393,792262,1,Klarna,12,1406.44
78556096,383289,1,Google Pay,1,701.13
14456730,561846,1,iDEAL,1,2108.68
17131108,137511,1,Visa,1,2612.95
41355715,373047,1,Bank Transfer,1,1882.16
58605167,149008,1,PayPal,1,3896.64
48871906,958485,1,iDEAL,1,1295.95
14769981,379880,1,iDEAL,1,4456.54
46208795,105708,1,Visa,1,1069.53
38110627,260026,1,Klarna,3,1456.55
87747783,151803,1,Google Pay,1,1329.78
46581763,146067,1,Apple Pay,1,4956.12
28767788,218166,1,Klarna,6,98.13
72997508,419299,1,Google Pay,1,1333.89
41619572,677886,1,PayPal,1,175.29
36786241,330690,1,Mastercard,1,4638.28
73885678,583438,1,Bank Transfer,1,470.24
10194219,657465,1,Bank Transfer,1,1033.12
32756322,189992,1,Visa,1,1057.78
67751589,226936,1,iDEAL,1,399.92
22133378,928569,1,Klarna,12,1932.68
64834697,423684,1,Apple Pay,1,1003.05
82207337,828103,1,Apple Pay,1,80.5
16604203,665351,1,iDEAL,1,1682.37
28781283,532246,1,PayPal,1,3604.64
14199309,885114,1,Mastercard,1,80.87
10878459,958686,1,Google Pay,1,666.15
21785313,660941,1,Visa,1,207.57
78283850,101260,1,Visa,1,2362.91
13967463,578662,1,Google Pay,1,8996.81
19483408,677029,1,Apple Pay,1,56.75
18226898,153700,1,Bank Transfer,1,6386.74
54700793,983548,1,Google Pay,1,363.74
28159707,178100,1,Bank Transfer,1,9358.2
60930915,371277,1,Bank Transfer,1,3045.92
36574281,230465,1,Mastercard,1,1401.55
46533527,666041,1,iDEAL,1,1012.13
28105297,962828,1,Google Pay,1,60.22
19416534,608794,1,Bank Transfer,1,501.78
76569166,396738,1,PayPal,1,2130.94
33919538,643333,1,Apple Pay,1,4649.71
68697797,546816,1,Mastercard,1,5492.19
23803968,672985,1,Klarna,3,4262.28
11448734,736442,1,Apple Pay,1,2018.5
29761904,473617,1,Mastercard,1,891.75
79270224,791544,1,Apple Pay,1,903.39
29113190,913261,1,Visa,1,740.82
62904733,407559,1,Visa,1,749.17
50283447,251044,1,PayPal,1,1583.5
34697385,371441,1,Apple Pay,1,4797.64
13267974,254053,1,Apple Pay,1,1504.24
43770743,644590,1,Visa,1,5131.59
85613237,539567,1,Google Pay,1,4477.91
73455929,537725,1,Bank Transfer,1,2740.12
68455976,563902,1,Mastercard,1,1437.7
91132698,574110,1,Klarna,6,5897.11
60974828,754805,1,Visa,1,497.53
16889240,672409,1,Mastercard,1,5930.22
18379220,695088,1,Bank Transfer,1,2272.27
89043854,396542,1,Bank Transfer,1,3052.34
22603222,476264,1,Apple Pay,1,2898.62
88849477,632906,1,Klarna,1,1323.77
37528422,449448,1,Apple Pay,1,1752.41
47890180,459566,1,iDEAL,1,4160.2
31274885,775596,1,Apple Pay,1,7365.27
48950459,888734,1,PayPal,1,3364.02
82496221,982303,1,Bank Transfer,1,2903.6
13395908,447377,1,iDEAL,1,802.92
96327760,599404,1,Visa,1,3182.05
72151778,165735,1,iDEAL,1,1205.31
70354496,408607,1,Visa,1,8273.14
55430820,407473,1,Klarna,6,5785.35
93209056,741630,1,PayPal,1,5638.49
79676231,504339,1,Bank Transfer,1,4218.19
51587167,678942,1,Bank Transfer,1,5923.99
88227155,155161,1,Bank Transfer,1,1526.81
59587344,510718,1,iDEAL,1,7289.69
44192317,554028,1,Bank Transfer,1,5037.08
21783652,543093,1,Google Pay,1,1166.37
96599727,817887,1,Visa,1,2584.91
11703324,842119,1,Visa,1,1517.41
46168923,825173,1,Mastercard,1,4340.79
83308976,532075,1,Mastercard,1,4558.0
69735074,919288,1,Mastercard,1,3032.01
32227314,655923,1,Google Pay,1,2073.12
86503790,392831,1,Klarna,1,8360.81
85942419,270166,1,Mastercard,1,3565.63
34105872,194903,1,Klarna,6,2888.12
53295531,817864,1,Bank Transfer,1,4706.35
11066364,852374,1,Google Pay,1,2993.62
97108900,305311,1,PayPal,1,101.34
28048674,296097,1,Apple Pay,1,3479.2
51924349,514777,1,PayPal,1,5573.26
27453715,819552,1,Apple Pay,1,36.65
86426860,144331,1,iDEAL,1,370.95
50371418,777642,1,Mastercard,1,4452.56
81652431,789780,1,Google Pay,1,3880.8
12834489,474104,1,Visa,1,6384.01
49253307,511641,1,Bank Transfer,1,4285.12
18054219,547654,1,PayPal,1,122.65
77033444,777813,1,Mastercard,1,485.78
49668841,714337,1,Google Pay,1,936.82
94824255,443007,1,Google Pay,1,2712.61
90045346,806101,1,PayPal,1,1209.56
90019764,499669,1,Visa,1,4333.38
44303173,682726,1,Visa,1,1631.23
21559833,567895,1,PayPal,1,290.33
25293764,803535,1,iDEAL,1,2182.37
60773817,980419,1,Apple Pay,1,3024.51
31976242,471799,1,Mastercard,1,1388.5
83897996,744374,1,iDEAL,1,550.5
44739052,449612,1,Mastercard,1,271.64
18881331,249102,1,iDEAL,1,2222.75
23287881,519133,1,Klarna,12,1685.09
12445245,532949,1,Bank Transfer,1,1403.49
36154076,226827,1,Mastercard,1,1596.48
22781620,533286,1,Apple Pay,1,8013.95
95525959,440109,1,PayPal,1,2199.76
18849466,679320,1,Klarna,1,807.7
75168872,101534,1,Visa,1,2771.67
86693583,533611,1,Google Pay,1,1667.48
26543846,517689,1,iDEAL,1,234.3
39276978,701886,1,Klarna,1,2153.81
18271579,755904,1,Apple Pay,1,1076.68
33337011,996642,1,Google Pay,1,3502.07
88952592,393838,1,Bank Transfer,1,2861.86
46268255,980684,1,iDEAL,1,909.15
72499242,667205,1,Mastercard,1,1938.1
75369366,317661,1,Mastercard,1,2247.7
63350235,835268,1,Apple Pay,1,1210.53
63693119,157223,1,Google Pay,1,751.81
92624336,124154,1,Visa,1,3224.12
34910681,175467,1,Apple Pay,1,3031.1
72820172,157594,1,Bank Transfer,1,3166.82
21587875,574828,1,Mastercard,1,3614.02
81258009,472490,1,Visa,1,3248.04
85782580,743471,1,PayPal,1,2831.19
26066899,728834,1,Klarna,12,958.0
64764824,658668,1,Klarna,3,35.41
27915659,218733,1,Visa,1,529.7
41998385,738396,1,Apple Pay,1,6472.33
90582296,905423,1,iDEAL,1,1062.15
55855977,702228,1,Apple Pay,1,5564.66
15702400,491030,1,Klarna,1,1481.47
66830770,311681,1,Mastercard,1,5580.46
93460110,313122,1,iDEAL,1,2816.05
26783927,648097,1,Google Pay,1,733.88
75272927,144560,1,Google Pay,1,906.22
91701432,605628,1,Google Pay,1,1218.37
34456843,797110,1,Bank Transfer,1,124.55
30338747,792319,1,Mastercard,1,913.89
40767564,754115,1,Klarna,12,1871.49
42661792,374135,1,iDEAL,1,4391.49
66211114,667275,1,iDEAL,1,5811.87
53380248,501740,1,Visa,1,3711.17
38059214,430889,1,Mastercard,1,6203.65
71699494,249249,1,iDEAL,1,4329.96
18986772,824839,1,Mastercard,1,2177.29
61184968,396276,1,Mastercard,1,789.52
18223343,313777,1,Visa,1,1313.43
86801942,899927,1,PayPal,1,80.69
20091099,475925,1,iDEAL,1,1172.84
54193066,554979,1,iDEAL,1,1196.32
38166218,506137,1,Bank Transfer,1,2729.82
14466117,313609,1,Mastercard,1,6316.74
71698753,284704,1,Apple Pay,1,1985.55
22716057,875387,1,iDEAL,1,488.5
70976441,100929,1,Mastercard,1,194.79
65639528,332465,1,Google Pay,1,1055.22
48233136,596323,1,Mastercard,1,2303.91
78458690,306881,1,Klarna,6,921.77
90104138,185047,1,PayPal,1,270.47
26998393,899206,1,iDEAL,1,366.3
93721621,383021,1,Google Pay,1,4578.11
46954667,312948,1,PayPal,1,661.43
96359332,934585,1,iDEAL,1,1697.08
22244059,337479,1,Klarna,12,5588.53
61911222,767590,1,Mastercard,1,6078.66
14227081,185173,1,Bank Transfer,1,328.76
65232063,323247,1,Klarna,12,3875.91
30764011,740774,1,Bank Transfer,1,7539.68
47027987,931998,1,Mastercard,1,154.84
16168841,925265,1,iDEAL,1,3594.66
58556903,322190,1,iDEAL,1,62.92
37438637,465676,1,Klarna,1,245.3
93240559,433658,1,Apple Pay,1,2108.02
44037959,339025,1,PayPal,1,4974.0
38662058,901722,1,Visa,1,618.01
60535746,111424,1,Visa,1,195.25
33798417,461596,1,Bank Transfer,1,1775.34
40209303,903246,1,Bank Transfer,1,4565.87
70625430,661746,1,Apple Pay,1,4400.44
51366865,959536,1,iDEAL,1,933.87
61309635,278679,1,Google Pay,1,3635.53
56703576,742268,1,Bank Transfer,1,5209.92
85296626,402897,1,Apple Pay,1,1124.83
53456751,731107,1,Klarna,6,2028.9
79508740,358233,1,iDEAL,1,4724.26
21431106,342287,1,Visa,1,4283.4
84192086,336449,1,PayPal,1,373.79
34738810,850231,1,Bank Transfer,1,4152.32
12207252,473204,1,Mastercard,1,2293.27
39160431,145916,1,Mastercard,1,711.98
18885414,501504,1,PayPal,1,1286.05
83496571,348598,1,iDEAL,1,1218.63
79574600,532795,1,Mastercard,1,6039.22
68211259,401151,1,PayPal,1,6229.62
10056469,192437,1,iDEAL,1,797.96
95698953,554270,1,iDEAL,1,2217.02
48720829,248872,1,PayPal,1,3534.41
70469452,936162,1,Bank Transfer,1,113.77
41132079,448247,1,PayPal,1,1926.45
93350351,279026,1,Google Pay,1,3957.94
36890547,363108,1,PayPal,1,1778.12
74557443,369348,1,PayPal,1,2201.51
65482580,495156,1,Bank Transfer,1,3768.24
65440270,383352,1,iDEAL,1,749.76
19072557,756117,1,Apple Pay,1,2174.51
60377980,464784,1,Google Pay,1,7075.45
45941742,871371,1,Visa,1,571.81
79032004,961311,1,Mastercard,1,2248.97
43123687,921378,1,Google Pay,1,797.72
92068197,519808,1,Google Pay,1,1561.45
70131541,342914,1,Mastercard,1,2131.94
95654715,975726,1,Bank Transfer,1,532.56
13715507,249078,1,PayPal,1,4078.6
23887914,823988,1,Apple Pay,1,1757.15
54209811,725949,1,PayPal,1,1031.15
61320197,629217,1,iDEAL,1,242.75
42242766,766261,1,Google Pay,1,899.61
78626769,105263,1,Apple Pay,1,862.33
47609344,653772,1,Bank Transfer,1,1120.94
52091543,474219,1,Mastercard,1,3081.25
22580392,440132,1,PayPal,1,6316.56
11028445,946843,1,PayPal,1,2838.76
87408985,372116,1,Visa,1,6534.74
48522871,435983,1,Visa,1,2145.71
55119399,226755,1,iDEAL,1,726.42
79653826,730824,1,iDEAL,1,6867.6
74908503,365550,1,Apple Pay,1,2244.83
90931045,444758,1,Klarna,6,1002.26
74329307,933023,1,iDEAL,1,3185.4
42413131,881090,1,Visa,1,1015.36
28511419,981287,1,Klarna,3,3721.81
78464751,564604,1,Bank Transfer,1,3035.47
38719747,324280,1,Bank Transfer,1,4305.68
86378496,653326,1,Google Pay,1,719.77
47788359,141948,1,Google Pay,1,96.74
20239139,315926,1,Apple Pay,1,2417.34
85785251,670076,1,Klarna,6,1137.76
95112185,267486,1,iDEAL,1,2704.14
66365330,367959,1,PayPal,1,6419.42
68262004,197103,1,Google Pay,1,433.98
72768337,866450,1,PayPal,1,3608.01
21777834,832707,1,Klarna,12,4372.22
32386547,930448,1,Apple Pay,1,2530.63
74298793,302426,1,Apple Pay,1,1413.25
13962854,988156,1,Apple Pay,1,2198.02
16283067,539138,1,iDEAL,1,6117.19
78209549,867233,1,Mastercard,1,4624.65
13897187,990324,1,iDEAL,1,3948.74
85825409,146080,1,PayPal,1,1334.27
28598181,202216,1,PayPal,1,200.79
47160586,576279,1,Klarna,6,5881.07
44187889,734763,1,PayPal,1,1597.96
23152950,736323,1,Google Pay,1,1330.62
26236785,980649,1,PayPal,1,4718.86
47801341,611992,1,Google Pay,1,4842.32
28349669,760947,1,Visa,1,101.56
89921632,293370,1,Google Pay,1,2343.28
57806196,462899,1,Apple Pay,1,2824.19
70464709,149695,1,Apple Pay,1,1511.92
35560068,462438,1,Google Pay,1,35.86
14477068,740169,1,Visa,1,2184.14
31109929,704454,1,Klarna,12,3772.09
28429021,152470,1,Mastercard,1,5984.33
34971465,427598,1,Klarna,3,549.91
51277096,135688,1,iDEAL,1,4892.09
21656856,143583,1,Klarna,1,1737.77
72266090,186121,1,Mastercard,1,8020.06
20069717,417689,1,Klarna,6,7438.94
52979013,316094,1,Apple Pay,1,731.51
61798384,118300,1,Visa,1,10682.98
49872697,503748,1,Klarna,6,1383.21
23816716,985909,1,Apple Pay,1,586.86
30111525,617112,1,PayPal,1,170.51
95631722,145107,1,Google Pay,1,1091.72
89167348,976800,1,Google Pay,1,8070.79
80470010,450261,1,Google Pay,1,4706.66
78468145,501026,1,Bank Transfer,1,3457.98
30339507,408752,1,iDEAL,1,3764.53
75685686,980376,1,Klarna,1,6235.82
69166888,756780,1,Klarna,12,2540.87
73390494,445114,1,Apple Pay,1,1242.17
82855042,630548,1,Visa,1,9949.04
56971121,470584,1,Bank Transfer,1,4271.69
44753208,640325,1,Visa,1,4358.72
99985903,254746,1,Bank Transfer,1,829.47
50098594,543722,1,Apple Pay,1,2305.32
69023262,405034,1,Apple Pay,1,2735.0
91190611,796317,1,Mastercard,1,7605.21
55169712,944189,1,Apple Pay,1,224.57
98960772,547103,1,Apple Pay,1,2811.76
92071548,526256,1,Klarna,6,4483.41
89256893,796172,1,Google Pay,1,6833.64
50381903,265688,1,Bank Transfer,1,1594.65
20993265,631400,1,Google Pay,1,1988.95
36174916,419345,1,Bank Transfer,1,7199.13
33729072,572706,1,Apple Pay,1,124.09
51148141,752657,1,Google Pay,1,1511.67
88279510,697475,1,PayPal,1,4786.06
95456936,862201,1,Google Pay,1,1512.72
47739395,719337,1,PayPal,1,924.58
83092346,729530,1,Klarna,6,972.48
17777139,359309,1,Mastercard,1,3995.28
79011648,884438,1,Mastercard,1,6323.39
86661968,834599,1,Google Pay,1,1159.81
81686833,781699,1,Bank Transfer,1,2153.98
86960174,459880,1,Google Pay,1,410.12
66634148,617304,1,Apple Pay,1,1141.68
91929320,806218,1,iDEAL,1,6693.45
55701875,775894,1,Klarna,6,46.59
15002000,348421,1,Bank Transfer,1,8580.6
24545929,753424,1,Apple Pay,1,4772.29
27833332,466615,1,Apple Pay,1,1229.07
34442650,897251,1,Visa,1,108.69
37650655,121732,1,Mastercard,1,3191.06
33369464,845658,1,Visa,1,4903.67
84740457,552794,1,Visa,1,883.32
36175531,458245,1,Google Pay,1,3719.93
58914019,100337,1,Apple Pay,1,1658.89
67713552,587806,1,Bank Transfer,1,1853.72
32159855,509033,1,Apple Pay,1,2515.85
73056126,378970,1,Google Pay,1,55.01
48933748,766054,1,PayPal,1,1913.32
30833742,722548,1,Apple Pay,1,1561.77
70585063,904466,1,Google Pay,1,6904.42
61813823,977546,1,PayPal,1,2227.18
13038457,302899,1,Bank Transfer,1,3811.01
95100152,322641,1,Bank Transfer,1,8978.19
96839240,123952,1,Visa,1,1878.14
73768586,738771,1,Visa,1,96.72
69229150,356185,1,Apple Pay,1,4593.58
70401936,825698,1,iDEAL,1,155.03
71723737,623221,1,Mastercard,1,1063.37
87289344,433030,1,Apple Pay,1,5640.72
85773201,971764,1,Visa,1,4765.65
83702928,822699,1,Bank Transfer,1,4058.58
69100932,670546,1,Mastercard,1,428.49
53143563,407714,1,Apple Pay,1,1911.36
37869949,597052,1,Mastercard,1,1534.74
71160250,197743,1,Mastercard,1,1431.2
27218869,505845,1,Bank Transfer,1,3938.92
48563723,778068,1,Visa,1,313.98
31956444,724468,1,Klarna,1,3714.45
97760811,783164,1,Klarna,6,404.75
50624189,404733,1,PayPal,1,2509.16
63589155,477963,1,PayPal,1,869.31
50617091,948523,1,Google Pay,1,5653.76
97308965,696698,1,Mastercard,1,386.57
78292806,623111,1,Bank Transfer,1,4393.99
42707655,558040,1,Google Pay,1,188.06
65680558,204739,1,Mastercard,1,2671.29
98582185,470016,1,Google Pay,1,4785.39
86960716,457225,1,Apple Pay,1,1348.01
24356548,978095,1,Google Pay,1,4605.34
14183676,389978,1,Visa,1,936.78
50361105,898175,1,Bank Transfer,1,2385.61
48556478,998711,1,Klarna,3,2040.24
37224899,752357,1,PayPal,1,3672.42
98484037,861740,1,Google Pay,1,3063.21
40881770,623769,1,Google Pay,1,213.12
11426435,458196,1,Google Pay,1,3851.82
63482839,813862,1,Google Pay,1,997.59
55245447,917774,1,Klarna,3,1153.05
80576603,632849,1,Mastercard,1,88.61
52752559,824992,1,Visa,1,3059.45
11184710,107923,1,Google Pay,1,623.25
31147345,744000,1,Google Pay,1,37.01
18308931,660576,1,Google Pay,1,1671.67
75691885,207217,1,Visa,1,5845.61
48951948,388392,1,Google Pay,1,4383.97
66265965,473566,1,Mastercard,1,2487.63
38764642,119840,1,iDEAL,1,393.33
31610972,104586,1,Mastercard,1,3290.35
42195368,146005,1,Bank Transfer,1,3227.22
96220721,160361,1,Google Pay,1,1209.02
10773424,803928,1,Apple Pay,1,2256.22
47995049,532959,1,Bank Transfer,1,5040.64
74838673,592011,1,Google Pay,1,3278.06
51034955,227478,1,Apple Pay,1,5033.73
73497970,428095,1,Mastercard,1,6015.15
61401128,727318,1,Google Pay,1,3241.67
25039636,227206,1,Google Pay,1,1033.51
47590158,786648,1,Apple Pay,1,4089.15
13716656,491956,1,Bank Transfer,1,4330.37
30888627,529175,1,Bank Transfer,1,2209.96
21554942,505193,1,Visa,1,3244.72
78232345,591350,1,Apple Pay,1,2487.33
75673543,801068,1,PayPal,1,58.91
79527056,905778,1,Apple Pay,1,58.33
86210173,757830,1,Mastercard,1,7183.2
89803962,183291,1,Klarna,12,612.37
75415870,346495,1,Bank Transfer,1,1420.74
28756475,704325,1,Bank Transfer,1,1626.11
69090678,449414,1,Apple Pay,1,1716.82
57168563,499059,1,iDEAL,1,1882.06
87470897,198308,1,Visa,1,7017.17
72511125,286112,1,Apple Pay,1,1698.38
38138385,375048,1,iDEAL,1,2045.35
15951329,110163,1,Apple Pay,1,2486.51
50449747,665764,1,Bank Transfer,1,3877.92
77958331,575544,1,Apple Pay,1,2774.71
35919830,994619,1,iDEAL,1,3233.97
77312344,427091,1,Google Pay,1,1114.87
35634504,719517,1,Mastercard,1,2125.51
72460330,588399,1,Visa,1,5277.29
82037458,649744,1,Visa,1,3838.11
69521654,703339,1,PayPal,1,2632.81
33571177,510260,1,iDEAL,1,963.13
88895404,805578,1,iDEAL,1,519.75
91425211,102736,1,Mastercard,1,9628.59
68091402,152560,1,Visa,1,319.22
81755871,345038,1,Google Pay,1,2221.47
22211170,686815,1,Google Pay,1,4976.57
84652073,498643,1,Apple Pay,1,3173.14
37900422,720536,1,Google Pay,1,914.09
82727008,650914,1,Google Pay,1,11865.64
77770894,791449,1,PayPal,1,6414.26
92004160,712551,1,Google Pay,1,5108.28
20875408,931487,1,PayPal,1,822.59
46128808,337930,1,Bank Transfer,1,2825.39
62334716,965357,1,iDEAL,1,7665.36
44045444,845624,1,Visa,1,1642.47
63315162,661758,1,PayPal,1,2088.47
85793202,514666,1,Visa,1,87.54
89490358,759639,1,Klarna,6,1132.62
25862843,396048,1,Mastercard,1,1222.51
34012031,908639,1,Apple Pay,1,3961.78
75363412,321784,1,Bank Transfer,1,579.4
77653608,512981,1,Klarna,3,2638.88
96600567,226937,1,Google Pay,1,2780.1
42259669,382163,1,Klarna,3,3643.03
28033520,453368,1,PayPal,1,2238.58
28548290,881079,1,Mastercard,1,3433.59
54079428,517965,1,Visa,1,1916.2
50900888,949692,1,Visa,1,203.51
72804698,305165,1,Apple Pay,1,5659.82
78512526,723548,1,Apple Pay,1,3949.62
50888606,960374,1,Visa,1,3193.53
54288286,535286,1,Apple Pay,1,1276.21
57320754,963543,1,Mastercard,1,2784.22
27110364,657996,1,iDEAL,1,4586.56
81430717,567129,1,Visa,1,1629.5
61847262,435018,1,Mastercard,1,7955.57
36990842,992145,1,Apple Pay,1,1093.71
35814533,422107,1,Visa,1,4679.05
77391742,702678,1,Visa,1,310.02
47920035,695398,1,Mastercard,1,158.84
85401449,314123,1,PayPal,1,1449.1
49626391,328031,1,Bank Transfer,1,4201.86
32546537,304251,1,PayPal,1,3221.69
60992063,589106,1,Visa,1,2776.42
26255218,772082,1,PayPal,1,829.98
69103077,389578,1,Visa,1,179.93
36906211,730397,1,PayPal,1,2967.44
15667551,649238,1,Klarna,1,5991.72
60101434,278914,1,Bank Transfer,1,65.35
62472809,957282,1,Google Pay,1,4178.62
40405565,806968,1,PayPal,1,1910.03
41627682,932710,1,PayPal,1,2207.65
63595544,353526,1,Bank Transfer,1,417.72
86955832,646393,1,Bank Transfer,1,5895.49
51231975,766785,1,iDEAL,1,6555.48
81435244,891162,1,Google Pay,1,6038.69
58166876,445499,1,Google Pay,1,849.64
32981308,874212,1,Klarna,6,6615.87
65919959,136370,1,Apple Pay,1,37.85
40389792,953720,1,iDEAL,1,719.45
29140225,536562,1,Mastercard,1,5630.6
73026747,840457,1,Klarna,12,2406.29
41134351,582510,1,Klarna,3,948.57
86756885,569147,1,Visa,1,1037.28
37660988,187064,1,Apple Pay,1,1512.93
11794690,852788,1,iDEAL,1,1020.08
73152590,948132,1,Bank Transfer,1,1405.13
63054168,610537,1,Bank Transfer,1,1561.68
25623376,215108,1,iDEAL,1,6916.18
57561945,565189,1,Google Pay,1,6296.12
83166999,614594,1,Visa,1,3478.36
85258078,435392,1,Klarna,12,87.65
68933764,763620,1,iDEAL,1,176.64
62617646,153006,1,Google Pay,1,2415.38
28023446,169604,1,Visa,1,5410.74
82530040,522070,1,PayPal,1,3463.38
12068480,236144,1,Mastercard,1,2442.47
52184418,970800,1,iDEAL,1,3241.87
83522065,397015,1,Visa,1,1616.44
28556357,257047,1,Google Pay,1,98.67
68646280,126325,1,Apple Pay,1,8157.84
37376851,344111,1,Apple Pay,1,850.77
55863307,381989,1,iDEAL,1,1745.22
31904454,404087,1,Mastercard,1,1463.32
93435959,440616,1,Mastercard,1,1703.2
66295980,860538,1,Bank Transfer,1,33.04
69249794,229685,1,iDEAL,1,2663.14
73546879,967298,1,iDEAL,1,6009.94
35487732,170659,1,Bank Transfer,1,1229.95
32401385,188211,1,Mastercard,1,792.72
10206424,967914,1,Google Pay,1,4200.61
46962335,681111,1,iDEAL,1,972.22
25506273,100397,1,Klarna,1,5754.07
78201221,116540,1,Apple Pay,1,840.94
74425928,311222,1,Mastercard,1,703.47
21395663,727132,1,Klarna,1,1017.64
80876062,170467,1,Klarna,12,2762.19
60071598,876160,1,Apple Pay,1,6286.02
25460421,615392,1,PayPal,1,3350.44
22552018,903176,1,Mastercard,1,3314.82
52693844,107005,1,Apple Pay,1,4663.68
78638538,854893,1,Visa,1,5147.99
17759620,328606,1,Visa,1,3702.52
54985244,733656,1,Klarna,12,1910.87
33168993,844053,1,iDEAL,1,5948.13
57931449,539087,1,Bank Transfer,1,1847.83
28272046,853309,1,Visa,1,3034.96
38129425,172365,1,PayPal,1,4806.3
50740511,663385,1,Bank Transfer,1,1872.75
48892983,559740,1,Bank Transfer,1,2576.07
51271238,171679,1,iDEAL,1,3418.27
29542701,907461,1,Apple Pay,1,492.41
23786022,583638,1,Mastercard,1,68.43
83791394,359769,1,Bank Transfer,1,1846.26
78057461,276218,1,Google Pay,1,3220.89
87513666,590494,1,Mastercard,1,2302.32
29859857,513858,1,Mastercard,1,3519.89
63944726,983619,1,Visa,1,1092.71
59963689,663531,1,iDEAL,1,1674.96
41005549,164174,1,Bank Transfer,1,4035.88
63836387,356929,1,Bank Transfer,1,603.74
15551678,408899,1,Apple Pay,1,1997.99
14364079,291910,1,Mastercard,1,2084.32
92683085,331037,1,Apple Pay,1,1019.2
54734073,261040,1,iDEAL,1,467.05
90924641,517812,1,Klarna,1,2814.5
38316899,953597,1,Apple Pay,1,763.35
69430371,728796,1,Visa,1,6411.25
12367675,355039,1,iDEAL,1,2880.24
45452342,636909,1,Bank Transfer,1,6380.71
92218910,447076,1,Visa,1,249.88
10132290,623471,1,Bank Transfer,1,6789.11
25897887,513806,1,Mastercard,1,2749.28
68141837,728640,1,Apple Pay,1,1548.38
86646272,355357,1,Bank Transfer,1,3347.15
97035447,461828,1,Google Pay,1,8228.38
78066495,870912,1,iDEAL,1,68.44
67619839,656383,1,Klarna,3,423.55
72314987,594662,1,iDEAL,1,5415.17
28012055,109542,1,Apple Pay,1,1483.56
96200026,495022,1,Apple Pay,1,201.23
90819023,648358,1,Apple Pay,1,1634.25
74550160,928177,1,Visa,1,2913.22
75177727,390189,1,Google Pay,1,1719.42
20540343,830791,1,Visa,1,815.69
54023127,623296,1,Mastercard,1,285.24
72755925,227018,1,iDEAL,1,2065.02
77537303,939396,1,PayPal,1,1968.1
94899238,601617,1,Apple Pay,1,9968.66
43960788,273120,1,Klarna,1,2937.58
25733085,838412,1,Google Pay,1,3333.51
10065363,566604,1,Apple Pay,1,3007.55
12161666,460982,1,Bank Transfer,1,502.14
31447779,633265,1,PayPal,1,43.36
47194279,381187,1,Bank Transfer,1,5611.77
82527095,982359,1,Mastercard,1,7850.88
69826579,511216,1,PayPal,1,3219.36
89766652,333590,1,Visa,1,3472.24
23606763,568984,1,Mastercard,1,6339.79
13218074,897369,1,Google Pay,1,2020.18
67093295,148245,1,Google Pay,1,1155.78
78588410,969088,1,iDEAL,1,1864.39
91052304,270817,1,Google Pay,1,64.76
66014629,733614,1,Mastercard,1,4641.35
58060236,518291,1,PayPal,1,411.47
24725261,406778,1,PayPal,1,2826.17
10223502,722849,1,Klarna,3,8420.56
28179322,978757,1,PayPal,1,57.83
21388502,636647,1,iDEAL,1,7020.36
47206920,387339,1,Visa,1,14077.55
69378913,792568,1,Klarna,3,94.64
80457522,489436,1,Bank Transfer,1,66.49
50529615,828251,1,Mastercard,1,2395.12
24012964,910369,1,Klarna,6,2960.22
45357348,665764,1,iDEAL,1,294.83
84870570,577591,1,PayPal,1,2797.43
97641936,401196,1,PayPal,1,489.9
27644149,601092,1,Mastercard,1,3099.25
32984662,361093,1,Google Pay,1,1264.45
88922395,789468,1,Klarna,1,2241.19
56182702,265516,1,Klarna,1,3442.92
30195606,612671,1,Google Pay,1,1709.32
40370797,208248,1,PayPal,1,5387.11
47910867,573888,1,Mastercard,1,4571.08
66767388,993279,1,PayPal,1,206.05
55101723,776939,1,PayPal,1,4110.04
15065742,740683,1,Apple Pay,1,3673.33
93052423,316291,1,PayPal,1,6539.24
83964513,755282,1,iDEAL,1,12947.86
74421303,367173,1,Apple Pay,1,980.32
39466445,418848,1,PayPal,1,1875.71
85926098,615225,1,PayPal,1,2337.75
42856821,122465,1,Mastercard,1,3370.48
87536004,722897,1,Klarna,3,421.24
24837236,583244,1,PayPal,1,3919.01
49627908,516438,1,Google Pay,1,5098.32
13153378,882007,1,Klarna,6,3403.74
56815057,905816,1,PayPal,1,675.26
53686770,659823,1,Klarna,1,3118.85
53761921,315296,1,iDEAL,1,108.5
60614726,206792,1,Mastercard,1,1593.6
26985813,599288,1,Klarna,1,4543.59
70650124,780270,1,Apple Pay,1,1453.23
82459386,647819,1,Klarna,3,3078.84
16266775,793155,1,PayPal,1,1131.32
44591953,991095,1,Klarna,12,6722.93
97851540,294178,1,Visa,1,2920.93
17304535,777359,1,PayPal,1,126.75
82763548,936433,1,iDEAL,1,5643.59
22913368,347572,1,Klarna,1,2633.57
99655556,516798,1,PayPal,1,190.17
71100116,646022,1,Google Pay,1,2189.85
63371761,852018,1,Bank Transfer,1,1698.85
95928486,865716,1,Google Pay,1,2815.03
20520934,593054,1,iDEAL,1,8851.89
22057688,944768,1,Bank Transfer,1,5920.95
69754040,243016,1,Visa,1,935.33
64680258,206156,1,Visa,1,4470.0
42392398,544173,1,Google Pay,1,6454.14
38715673,157615,1,iDEAL,1,2288.88
19556540,113704,1,Google Pay,1,2692.36
50387205,958930,1,Google Pay,1,1643.98
82119636,287071,1,Google Pay,1,2106.37
22001720,454846,1,Apple Pay,1,365.98
85196905,274976,1,Mastercard,1,2238.87
27482343,868220,1,PayPal,1,2427.83
11835959,990896,1,Google Pay,1,1259.19
57035381,197913,1,Klarna,1,1052.03
54125838,425241,1,Bank Transfer,1,4958.92
96613293,130730,1,iDEAL,1,848.99
96219205,760536,1,iDEAL,1,4679.6
39086215,199373,1,Apple Pay,1,2486.02
20374421,844556,1,PayPal,1,3020.43
61108590,687070,1,Google Pay,1,1300.21
38550716,303328,1,Google Pay,1,5449.04
68295023,316336,1,Mastercard,1,9723.38
98816641,700501,1,Google Pay,1,1057.14
10466250,604122,1,Mastercard,1,3065.72
63888392,360913,1,Google Pay,1,661.31
85271148,896631,1,Klarna,6,1367.26
90559485,249955,1,Visa,1,824.41
43068681,568222,1,Mastercard,1,1404.19
93165083,680947,1,PayPal,1,4558.24
74243414,335592,1,Google Pay,1,4500.1
68456438,426313,1,iDEAL,1,1697.78
74420373,216494,1,Mastercard,1,4460.3
28960063,681210,1,Google Pay,1,2995.0
47042118,975464,1,Bank Transfer,1,2833.58
44544255,117313,1,Visa,1,7015.14
14289986,921500,1,Visa,1,898.11
14770097,187342,1,Apple Pay,1,551.61
97339072,883879,1,Visa,1,936.47
55121110,437412,1,PayPal,1,5263.66
79877925,135381,1,Bank Transfer,1,2344.19
48650379,200766,1,iDEAL,1,1137.9
32582884,419945,1,Bank Transfer,1,1322.26
35569447,239357,1,Google Pay,1,3613.17
36849016,357826,1,Klarna,12,1122.26
33375183,413728,1,Bank Transfer,1,132.2
77175719,656398,1,Mastercard,1,3542.73
15788532,345624,1,Mastercard,1,4234.31
80159181,341892,1,Klarna,6,2198.8
86092986,113434,1,Visa,1,113.15
58455084,340677,1,Klarna,1,3819.14
74570291,497619,1,Bank Transfer,1,8634.33
21732628,117574,1,Apple Pay,1,2794.63
37009419,177382,1,Apple Pay,1,5121.69
69609181,849077,1,Visa,1,428.39
83840533,277803,1,Bank Transfer,1,1333.34
76829449,773773,1,Visa,1,1790.7
58086560,402915,1,Apple Pay,1,5629.39
39871503,307225,1,PayPal,1,5175.06
37784215,442316,1,Klarna,1,88.25
90088879,757421,1,Visa,1,3891.98
75701701,979702,1,Apple Pay,1,1675.57
28713569,840908,1,Bank Transfer,1,2871.29
97688125,219722,1,Mastercard,1,5174.2
73395291,469699,1,iDEAL,1,3901.17
45811222,606460,1,Mastercard,1,3182.14
24241538,564955,1,Klarna,3,2492.07
58450800,970093,1,Google Pay,1,143.17
41608216,544248,1,Klarna,12,1949.48
65766461,839508,1,Bank Transfer,1,70.92
98072092,258871,1,Klarna,3,5692.4
84805427,611589,1,PayPal,1,3270.81
98627327,798150,1,Bank Transfer,1,1134.36
21405444,830654,1,Apple Pay,1,955.23
67499817,811046,1,Klarna,12,8169.98
81179326,735798,1,Visa,1,957.63
48442790,114966,1,Apple Pay,1,4171.32
88538879,880573,1,Klarna,12,4669.71
11026729,733129,1,Google Pay,1,3362.47
34600999,517888,1,iDEAL,1,74.06
81466330,490918,1,Mastercard,1,58.64
83060541,758494,1,Bank Transfer,1,621.07
75541669,834018,1,Apple Pay,1,2055.4
44082233,647974,1,Klarna,6,358.33
18767520,272677,1,iDEAL,1,701.37
35095326,582164,1,Apple Pay,1,2616.32
18036341,986486,1,Mastercard,1,4684.47
46265392,327384,1,PayPal,1,7398.58
22431066,706873,1,PayPal,1,2027.59
90734372,683403,1,PayPal,1,56.86
81871073,972481,1,Apple Pay,1,1833.15
73817825,887528,1,Google Pay,1,1944.98
82968554,729701,1,Klarna,1,2621.94
52520684,557231,1,Bank Transfer,1,313.84
91499598,216306,1,Google Pay,1,1470.82
35727624,758352,1,Bank Transfer,1,5897.42
90416922,204167,1,PayPal,1,5537.71
32530526,617034,1,Google Pay,1,2888.53
98579884,680596,1,iDEAL,1,6100.92
39833228,580595,1,Apple Pay,1,185.21
71208884,361716,1,Klarna,6,1108.59
25098869,942910,1,Klarna,6,529.6
56210883,430496,1,Klarna,1,3765.22
79927731,641566,1,PayPal,1,1331.7
99514909,579276,1,PayPal,1,6364.79
83294570,580131,1,Google Pay,1,522.42
18762279,231467,1,Bank Transfer,1,43.53
49684197,232524,1,Mastercard,1,2928.72
11939260,920141,1,Apple Pay,1,4174.24
16375644,489395,1,Apple Pay,1,203.98
73500509,120098,1,Klarna,12,845.42
24482626,213690,1,Klarna,3,8105.44
54622564,644446,1,Bank Transfer,1,2597.33
15650992,986399,1,Apple Pay,1,921.36
97272744,833293,1,Google Pay,1,282.72
35495731,470811,1,PayPal,1,71.03
19536470,176894,1,Google Pay,1,3484.52
61868472,578972,1,Visa,1,1337.83
86253591,406685,1,Visa,1,755.32
10525834,773707,1,Klarna,3,555.41
56091800,550537,1,Google Pay,1,331.39
88272348,561546,1,Visa,1,614.46
32630435,579857,1,iDEAL,1,5650.42
82291346,280848,1,Klarna,3,2297.09
40816790,195481,1,Klarna,1,6722.6
69101051,144010,1,Klarna,3,252.81
47814618,669712,1,Bank Transfer,1,2628.4
17422324,260265,1,Apple Pay,1,974.75
10137911,361470,1,Klarna,6,5728.53
52606454,900592,1,Apple Pay,1,2729.31
24554987,619887,1,Klarna,1,124.8
60120054,309265,1,Visa,1,4037.94
43733254,353467,1,Apple Pay,1,1026.01
46772673,621166,1,Visa,1,4108.05
86336568,194774,1,Apple Pay,1,3099.65
65056247,916203,1,iDEAL,1,3576.01
98551965,969732,1,Bank Transfer,1,2838.57
29062458,567335,1,iDEAL,1,3437.74
27133261,686358,1,Klarna,3,2104.5
43171718,445780,1,PayPal,1,3671.86
60870550,452862,1,iDEAL,1,222.66
56976181,455784,1,Mastercard,1,7888.63
61877580,943130,1,Bank Transfer,1,88.22
49074717,108339,1,Klarna,6,142.23
47196097,456539,1,iDEAL,1,5563.07
16921263,258684,1,PayPal,1,2873.4
34112665,759719,1,Apple Pay,1,3343.69
96392570,829939,1,iDEAL,1,3397.48
65821916,703770,1,iDEAL,1,2245.35
51868016,526127,1,PayPal,1,6552.29
14971988,902193,1,Bank Transfer,1,1906.18
77682643,497715,1,Visa,1,2838.81
26877175,243259,1,Visa,1,2032.37
32682055,193533,1,Apple Pay,1,5606.15
17869924,820801,1,PayPal,1,2852.81
36074754,857308,1,Bank Transfer,1,2121.38
33902511,765792,1,Bank Transfer,1,684.17
26715393,152277,1,Visa,1,30.42
92523855,275571,1,Google Pay,1,2174.72
21103581,668257,1,Visa,1,202.47
49748823,814233,1,Apple Pay,1,3498.93
60255822,698295,1,Visa,1,4631.1
48748244,609706,1,Visa,1,849.21
49282511,532147,1,Google Pay,1,915.12
55986770,183576,1,iDEAL,1,3590.26
61032804,676781,1,Mastercard,1,2950.2
91317951,747191,1,Google Pay,1,179.05
29075744,271742,1,iDEAL,1,4241.85
77001270,606278,1,Klarna,3,1238.89
47337728,952835,1,PayPal,1,6193.84
58585435,377605,1,Visa,1,5023.72
14887216,815269,1,iDEAL,1,1845.91
24329012,425947,1,iDEAL,1,1319.67
25392756,846894,1,iDEAL,1,1521.7
54728731,390117,1,Klarna,3,2500.91
20097457,719096,1,Visa,1,1625.63
45009206,558045,1,Mastercard,1,2427.36
54550390,225620,1,iDEAL,1,2542.21
42171782,987844,1,PayPal,1,933.41
68239468,507021,1,Google Pay,1,12440.95
15058650,778028,1,PayPal,1,1674.14
60202998,540839,1,Visa,1,143.33
92972924,803667,1,Bank Transfer,1,2653.43
65072445,719977,1,Google Pay,1,47.12
62751184,460150,1,Klarna,6,241.08
28775171,809323,1,Google Pay,1,396.85
47201480,856443,1,Mastercard,1,64.94
65707397,464760,1,Google Pay,1,1164.96
12205194,963917,1,Klarna,6,2534.24
52138825,758339,1,Apple Pay,1,1684.17
19820984,886122,1,iDEAL,1,65.89
20981861,494391,1,Visa,1,1223.44
85278479,811430,1,Klarna,3,299.41
82982239,330061,1,iDEAL,1,2132.77
92179950,476162,1,Mastercard,1,82.99
55044733,272360,1,Klarna,6,2408.31
82811881,204552,1,iDEAL,1,2118.77
16267637,850937,1,Klarna,12,839.93
18610156,307016,1,Visa,1,820.43
15004045,150670,1,Bank Transfer,1,100.97
36108623,151641,1,Visa,1,1419.54
57497277,116337,1,PayPal,1,120.39
84834594,627236,1,Apple Pay,1,1588.55
18474040,331516,1,Google Pay,1,1593.88
53446497,115748,1,Mastercard,1,2760.54
54915005,806655,1,Bank Transfer,1,7632.79
15960673,821423,1,Visa,1,2089.13
75224245,871254,1,Klarna,3,2111.85
90721652,216759,1,Apple Pay,1,2764.3
45872627,260589,1,Google Pay,1,207.17
53339803,514622,1,Mastercard,1,700.42
13855902,957592,1,Visa,1,647.32
95757143,827483,1,Apple Pay,1,1696.68
58417778,944563,1,Mastercard,1,6277.12
53761808,289406,1,Apple Pay,1,2713.95
69214595,822312,1,Mastercard,1,2903.74
62900119,605159,1,Visa,1,3090.88
73979127,724186,1,Mastercard,1,6052.46
73330704,607381,1,Klarna,12,1055.89
92889149,828125,1,Apple Pay,1,57.14
57061138,681275,1,Mastercard,1,1022.1
48711924,713204,1,Visa,1,4803.92
92949463,698795,1,Apple Pay,1,2348.36
56327869,717095,1,Mastercard,1,1079.83
67140401,962489,1,Mastercard,1,7919.15
96413823,435616,1,Mastercard,1,2751.35
62228991,787845,1,iDEAL,1,3335.18
82762965,629754,1,Apple Pay,1,4854.16
28871294,364354,1,Visa,1,4884.7
62102257,976292,1,Google Pay,1,4175.24
82432580,813724,1,Apple Pay,1,980.43
51637829,768496,1,Bank Transfer,1,1890.01
87120088,573213,1,Google Pay,1,257.91
50182742,251855,1,PayPal,1,2725.71
46797999,930247,1,Apple Pay,1,2670.53
94894820,163970,1,PayPal,1,4616.23
33085800,234984,1,Apple Pay,1,1612.12
41305232,468920,1,Visa,1,4982.7
28899472,427420,1,Visa,1,7708.15
29309505,976226,1,Apple Pay,1,1338.66
39332907,517219,1,Mastercard,1,1575.5
49221973,536357,1,Google Pay,1,5548.31
70679453,536551,1,Visa,1,4685.39
79803445,764331,1,Google Pay,1,10340.93
22254039,173005,1,Klarna,12,2505.93
79454778,461055,1,Klarna,12,2823.24
81844103,367911,1,Google Pay,1,747.61
17327229,427509,1,PayPal,1,744.15
43266083,119845,1,Google Pay,1,2537.54
29406015,770997,1,Visa,1,537.95
41269051,116961,1,iDEAL,1,2242.54
40436290,598009,1,Google Pay,1,2950.13
37633388,316558,1,Bank Transfer,1,90.68
89797079,442527,1,PayPal,1,360.3
47586579,765237,1,PayPal,1,1947.12
54655249,521514,1,Visa,1,535.27
46882391,466789,1,Google Pay,1,1640.58
84368365,130743,1,iDEAL,1,6026.55
40276015,152384,1,Visa,1,3118.51
83035973,668561,1,Apple Pay,1,749.54
65316553,346338,1,PayPal,1,3395.57
86551773,145076,1,Mastercard,1,1603.94
16696253,399163,1,Apple Pay,1,414.1
89649408,593669,1,iDEAL,1,2937.18
11205478,371051,1,Mastercard,1,790.92
69842211,348309,1,Klarna,6,4382.95
60214310,336445,1,Apple Pay,1,3392.05
83335570,530704,1,Mastercard,1,534.42
60320575,858389,1,Visa,1,98.23
75794371,316650,1,Visa,1,4155.62
29103139,868485,1,Klarna,6,1629.08
98459004,788040,1,Bank Transfer,1,4737.67
23330464,309263,1,Apple Pay,1,6200.28
16405477,563370,1,Bank Transfer,1,181.43
47149946,184430,1,iDEAL,1,6151.86
71200357,543312,1,Google Pay,1,4808.45
53024943,544643,1,Bank Transfer,1,6774.82
92180990,234192,1,Klarna,12,1439.45
66948598,732004,1,Google Pay,1,52.05
10452764,236923,1,Google Pay,1,1455.9
86631177,308277,1,iDEAL,1,131.71
18004619,730881,1,Google Pay,1,1405.36
60002899,780907,1,iDEAL,1,1939.06
20186048,110589,1,Visa,1,1952.83
71680632,735406,1,Klarna,12,2638.35
13280168,308084,1,Google Pay,1,2172.84
54306963,503290,1,Bank Transfer,1,2972.82
27216302,794548,1,PayPal,1,3160.82
91152094,965151,1,Apple Pay,1,579.12
50154279,169562,1,Bank Transfer,1,1528.85
76203056,476355,1,Mastercard,1,2457.3
69978414,203835,1,Visa,1,598.06
78977452,921728,1,Visa,1,3154.94
45439189,762364,1,PayPal,1,3396.89
87969132,661605,1,Visa,1,2096.13
17471182,522623,1,PayPal,1,91.76
72818548,351237,1,Google Pay,1,1690.08
67422831,196011,1,iDEAL,1,33.9
60262431,169539,1,Bank Transfer,1,3808.18
23112282,964081,1,Visa,1,3690.09
89937666,931658,1,iDEAL,1,772.2
19928590,796547,1,Visa,1,1678.31
95091042,344768,1,Klarna,3,2295.37
16987834,576614,1,Apple Pay,1,821.67
26358542,556193,1,Klarna,12,110.3
62912910,281602,1,Mastercard,1,5182.25
52577824,583899,1,Apple Pay,1,1261.44
45664273,356550,1,Google Pay,1,3321.34
70110037,175525,1,Bank Transfer,1,390.35
40577511,763500,1,PayPal,1,3964.2
31571914,205676,1,Bank Transfer,1,744.24
47358563,609652,1,Klarna,6,193.82
77796522,658166,1,Mastercard,1,6420.42
24354340,589222,1,Apple Pay,1,1415.06
91532564,262052,1,Google Pay,1,2630.45
84059386,864472,1,iDEAL,1,3070.33
27624824,240832,1,Mastercard,1,4317.94
90227192,749899,1,PayPal,1,4463.69
37335664,686036,1,Visa,1,5883.82
74798088,345383,1,Bank Transfer,1,6496.13
18140190,700151,1,iDEAL,1,1520.38
63169581,134745,1,iDEAL,1,4388.08
50453285,406099,1,PayPal,1,3258.51
40679303,295098,1,Klarna,12,3766.45
24864249,854227,1,iDEAL,1,1509.71
37647733,489647,1,Klarna,12,3629.49
16152590,759070,1,Mastercard,1,49.71
22565759,481169,1,Apple Pay,1,1706.24
97300240,683826,1,Bank Transfer,1,5247.42
19500832,250707,1,PayPal,1,6132.8
27462286,179876,1,Visa,1,5985.61
63498257,776489,1,PayPal,1,2261.61
63753591,917110,1,iDEAL,1,1118.81
15834240,451321,1,iDEAL,1,3262.33
91797492,662528,1,Apple Pay,1,3539.93
70262072,424865,1,PayPal,1,1087.79
90892488,530222,1,PayPal,1,1464.69
85836548,992432,1,PayPal,1,1117.38
47746571,424593,1,Mastercard,1,4613.32
30068533,847697,1,Klarna,1,1886.37
99830160,730389,1,Bank Transfer,1,3539.72
86748693,121675,1,Bank Transfer,1,6422.87
17384662,586338,1,Bank Transfer,1,7179.06
92005918,705820,1,Google Pay,1,2586.69
45446078,551169,1,Klarna,12,2966.17
33865272,550582,1,Mastercard,1,4534.41
10109405,895689,1,Google Pay,1,2280.99
86280002,126803,1,Bank Transfer,1,3614.43
63412452,663731,1,Visa,1,1709.59
43116909,550566,1,Apple Pay,1,1084.26
70394324,318553,1,Klarna,3,2909.72
31131347,211359,1,PayPal,1,6986.23
41995609,127430,1,Apple Pay,1,89.5
22479684,533480,1,Apple Pay,1,4988.31
25942363,879153,1,Visa,1,1769.36
61129307,796857,1,Bank Transfer,1,3767.16
22135012,526405,1,PayPal,1,3776.03
99956537,984646,1,Google Pay,1,1483.65
55846003,627582,1,iDEAL,1,5646.85
14578362,596400,1,Apple Pay,1,1265.24
33116859,281101,1,PayPal,1,5109.25
17419743,878614,1,iDEAL,1,3188.46
20789523,131935,1,Klarna,1,200.74
39018781,816177,1,Visa,1,706.37
87131574,169137,1,PayPal,1,2149.27
61204023,593744,1,Bank Transfer,1,1495.03
58619076,231991,1,Visa,1,1971.88
28997609,726953,1,Google Pay,1,959.45
43084791,287624,1,Apple Pay,1,1082.24
85476409,268972,1,iDEAL,1,2240.14
70992118,443319,1,Visa,1,943.51
79657071,503800,1,Klarna,12,478.42
85428488,737571,1,Visa,1,702.62
84366148,103308,1,Visa,1,1664.86
63520232,976180,1,Google Pay,1,857.55
43105021,507668,1,Mastercard,1,807.95
29127697,138852,1,Apple Pay,1,7043.94
56089078,990783,1,Google Pay,1,1488.03
29309936,874714,1,PayPal,1,642.53
39828039,949013,1,Klarna,1,1763.38
57612983,513294,1,PayPal,1,2581.79
13615231,238751,1,Mastercard,1,1356.29
73937868,817669,1,Apple Pay,1,438.49
47098334,462279,1,Apple Pay,1,2865.02
47770851,109091,1,Bank Transfer,1,4155.54
55261230,237147,1,iDEAL,1,2623.96
57277804,229386,1,Klarna,6,1416.53
66121560,969012,1,Klarna,6,1251.24
18179801,475795,1,Bank Transfer,1,968.99
16397945,742139,1,Mastercard,1,4370.56
98409351,638790,1,iDEAL,1,5397.15
55499181,888445,1,Klarna,12,1105.68
87945983,545693,1,Apple Pay,1,3596.46
11138207,243360,1,Mastercard,1,1081.69
24714408,535650,1,Mastercard,1,4111.36
77675176,908798,1,PayPal,1,2259.06
49243148,834710,1,Visa,1,1808.36
21515007,770160,1,Visa,1,2544.75
54919139,357742,1,Mastercard,1,1031.28
85650784,723062,1,Klarna,12,4792.97
72492107,358519,1,PayPal,1,6295.57
34193636,361369,1,Bank Transfer,1,3384.12
39459751,487240,1,Apple Pay,1,1225.72
17107400,262274,1,Visa,1,811.24
74580449,227725,1,Visa,1,727.58
12271411,387302,1,Visa,1,4695.74
54851780,317892,1,Apple Pay,1,1057.26
13277269,872723,1,Apple Pay,1,2075.39
58610458,801525,1,Mastercard,1,3197.43
92387541,927522,1,Visa,1,849.59
33626195,542106,1,Apple Pay,1,119.32
98363675,357138,1,Apple Pay,1,7406.1
91757965,400717,1,PayPal,1,2676.6
79127709,429518,1,Google Pay,1,6699.24
38893776,129915,1,Visa,1,5634.46
15346417,589992,1,Visa,1,47.94
22193791,534747,1,Apple Pay,1,5776.56
76887328,741159,1,Apple Pay,1,1824.86
48557458,662341,1,Apple Pay,1,1822.97
73103648,325832,1,Bank Transfer,1,1009.66
87587140,374754,1,Mastercard,1,3960.98
59865500,563367,1,Apple Pay,1,2809.51
20533691,925712,1,iDEAL,1,1350.44
78781035,366035,1,iDEAL,1,884.28
15458735,783425,1,iDEAL,1,3331.13
72413506,486269,1,Apple Pay,1,6264.48
31739737,893510,1,Bank Transfer,1,709.65
45459819,202140,1,Apple Pay,1,2815.38
47071872,788440,1,Visa,1,3108.29
72909440,246175,1,Google Pay,1,4741.25
94803050,108714,1,Visa,1,3424.62
62322192,871503,1,Apple Pay,1,610.77
71967677,566612,1,Bank Transfer,1,2248.71
99082501,225798,1,Mastercard,1,1838.06
99328692,786341,1,Visa,1,3856.8
54456874,203715,1,iDEAL,1,5503.35
99494714,851864,1,iDEAL,1,6955.37
51121500,885791,1,Google Pay,1,6570.3
14424923,302956,1,PayPal,1,2303.2
54806235,115593,1,PayPal,1,3032.6
59838151,759694,1,Bank Transfer,1,1485.33
47313953,945074,1,Mastercard,1,4985.94
28962120,764781,1,Google Pay,1,913.6
85346003,545850,1,Apple Pay,1,1071.94
60757168,741484,1,iDEAL,1,5088.46
24232319,663076,1,Visa,1,1876.85
77601613,867888,1,PayPal,1,4552.75
87824948,349206,1,Visa,1,3739.53
37237745,795200,1,Visa,1,1289.37
95582179,573300,1,Klarna,12,3470.19
41877759,841478,1,Bank Transfer,1,1877.33
78481296,672256,1,iDEAL,1,815.17
46689477,228137,1,Bank Transfer,1,439.21
61696401,405166,1,Bank Transfer,1,88.48
57717198,613774,1,Mastercard,1,1955.35
42335256,341996,1,Bank Transfer,1,191.17
91157733,990770,1,Visa,1,158.36
31822201,452883,1,Mastercard,1,2928.24
46771547,197634,1,Mastercard,1,5243.57
84296800,251880,1,Visa,1,939.18
29269893,279640,1,Visa,1,1930.86
40275555,714203,1,Bank Transfer,1,2236.7
69515170,613490,1,Apple Pay,1,81.57
95855449,668654,1,Mastercard,1,581.1
69737079,410685,1,Bank Transfer,1,50.39
84271119,728727,1,Mastercard,1,1569.11
11236949,967982,1,Visa,1,8117.58
21036507,253043,1,Visa,1,1451.31
18443173,950434,1,Klarna,12,648.06
22925155,407395,1,PayPal,1,671.23
61599332,925380,1,Klarna,6,2752.34
43636247,258493,1,Klarna,6,151.94
69942348,125059,1,Visa,1,1473.79
34412421,381717,1,Bank Transfer,1,2188.88
44459572,379868,1,Mastercard,1,5026.17
72929535,127032,1,Mastercard,1,5930.99
61641325,910593,1,Mastercard,1,7244.21
60877146,171465,1,Bank Transfer,1,2024.91
91068147,934584,1,Mastercard,1,1436.73
81159718,228073,1,Bank Transfer,1,96.38
73292614,418321,1,iDEAL,1,7460.0
39690527,608498,1,Mastercard,1,7411.72
99313909,917630,1,Google Pay,1,3027.23
52257278,204571,1,Klarna,6,121.03
65263687,349666,1,Google Pay,1,3716.98
52208448,939944,1,Visa,1,68.34
20899276,234687,1,Mastercard,1,7999.98
48983394,806866,1,Klarna,3,4529.49
20766005,391450,1,PayPal,1,1102.32
53558335,361708,1,Google Pay,1,3123.78
90930952,474532,1,Apple Pay,1,4028.01
32912611,175414,1,Klarna,3,3762.21
39430797,928541,1,iDEAL,1,1419.75
72463251,120877,1,Bank Transfer,1,6818.77
28734185,999860,1,Apple Pay,1,8957.67
85428619,656531,1,iDEAL,1,1368.57
33920457,579247,1,Visa,1,2122.63
23148858,338511,1,Visa,1,170.78
15346190,147864,1,Google Pay,1,918.93
95425341,553338,1,Visa,1,64.09
62944951,926035,1,PayPal,1,8969.91
17476802,259516,1,Apple Pay,1,4775.41
82728537,510805,1,Mastercard,1,4700.83
66854035,180112,1,Apple Pay,1,67.78
27808023,482967,1,Visa,1,5990.98
22871106,717935,1,Apple Pay,1,4624.87
61576861,648301,1,Google Pay,1,1449.29
58180726,567350,1,Bank Transfer,1,5463.4
61323753,482805,1,PayPal,1,48.95
41925853,153812,1,PayPal,1,3515.78
71532332,722786,1,Google Pay,1,1927.87
37912447,529027,1,PayPal,1,6178.66
97726524,576463,1,Bank Transfer,1,919.31
81059875,596806,1,Visa,1,2408.48
84925124,747514,1,Apple Pay,1,1651.63
49110973,853615,1,Klarna,1,1474.29
98980522,155139,1,Mastercard,1,1208.05
39359374,933309,1,PayPal,1,4443.11
62164567,381716,1,Apple Pay,1,131.34
50795377,506488,1,Bank Transfer,1,5939.51
50806137,662116,1,Mastercard,1,208.94
33369854,792615,1,Visa,1,3307.54
24429549,370359,1,PayPal,1,2296.37
48843924,413136,1,PayPal,1,734.63
52176256,523276,1,PayPal,1,1809.6
49372948,739852,1,Google Pay,1,9459.34
23629551,791599,1,Bank Transfer,1,5197.99
35173951,867926,1,iDEAL,1,2899.37
24563763,214667,1,iDEAL,1,4568.61
26425607,654501,1,Bank Transfer,1,1846.46
55121112,259104,1,iDEAL,1,5485.86
75879958,279731,1,Mastercard,1,2309.08
83356435,737476,1,PayPal,1,724.28
36930670,792888,1,PayPal,1,5907.1
71471427,441708,1,Visa,1,6872.32
72755373,900605,1,PayPal,1,1626.05
88603188,862718,1,Google Pay,1,4578.33
71536992,452226,1,Visa,1,3424.29
16026066,575065,1,Visa,1,3378.82
35917925,668517,1,Klarna,12,5400.94
67533227,808291,1,Visa,1,1922.4
11904028,766291,1,Mastercard,1,3511.08
37765831,151004,1,Klarna,12,5934.29
27713790,995931,1,Google Pay,1,103.91
30272225,968174,1,Klarna,3,3989.25
35674203,383578,1,Klarna,12,10734.1
33725164,507424,1,PayPal,1,2784.45
46676488,469108,1,Mastercard,1,484.43
38714523,287182,1,PayPal,1,1209.76
83693971,306342,1,Bank Transfer,1,1914.16
68526320,553389,1,Mastercard,1,602.01
99249115,174074,1,Google Pay,1,36.54
22055887,576060,1,Mastercard,1,6489.17
57700586,279341,1,Apple Pay,1,1449.82
46164508,433389,1,Apple Pay,1,164.48
26948496,116039,1,Bank Transfer,1,756.19
83894940,366295,1,Visa,1,2096.65
41650457,930553,1,Apple Pay,1,1361.98
91707850,271421,1,PayPal,1,1273.3
39559350,522462,1,Bank Transfer,1,2362.49
67046310,290854,1,PayPal,1,4100.28
30625949,605213,1,Apple Pay,1,7957.74
91839500,240740,1,Google Pay,1,3286.4
83687545,570860,1,PayPal,1,2808.13
80662883,330404,1,Visa,1,93.8
83069693,661221,1,PayPal,1,3798.93
94050706,127166,1,PayPal,1,103.22
43576463,130266,1,Bank Transfer,1,1220.09
33789686,694683,1,Klarna,3,4057.75
39889802,603197,1,Klarna,3,2183.65
96056076,579441,1,Klarna,1,1341.53
98741183,721429,1,Apple Pay,1,100.13
24829393,761877,1,Mastercard,1,2429.43
81098577,407439,1,Mastercard,1,3361.71
49420508,276526,1,PayPal,1,536.07
96405384,553630,1,Visa,1,172.92
44602769,719375,1,Klarna,1,3499.53
46365979,229033,1,Bank Transfer,1,68.18
72175013,216723,1,Visa,1,6919.54
69318752,151475,1,Bank Transfer,1,773.65
82376204,763340,1,Google Pay,1,1599.04
24127015,574080,1,Apple Pay,1,2946.43
74391349,621345,1,iDEAL,1,2365.15
54827434,132354,1,Mastercard,1,5135.02
11794266,849729,1,Klarna,12,1689.03
32148819,399554,1,Klarna,12,1028.15
92222021,928106,1,Klarna,6,4512.18
74040101,491237,1,Klarna,1,604.82
49210395,794742,1,PayPal,1,1433.0
50222549,344293,1,Apple Pay,1,8024.85
97118306,679094,1,iDEAL,1,4393.04
86458683,490723,1,PayPal,1,3888.79
30171259,817378,1,Visa,1,5377.37
33979113,875941,1,Apple Pay,1,2873.58
74265315,581020,1,Klarna,1,2383.32
58917063,547782,1,Google Pay,1,511.87
86980596,409562,1,PayPal,1,1145.73
92581318,452952,1,iDEAL,1,1731.96
95382920,807862,1,Apple Pay,1,838.8
63800828,314627,1,Klarna,6,667.79
57447126,410035,1,Mastercard,1,5776.13
26943341,351793,1,PayPal,1,1936.26
20388836,750665,1,Apple Pay,1,1049.72
33497604,982814,1,Apple Pay,1,63.25
83830842,785648,1,Visa,1,1638.11
31214591,679861,1,Mastercard,1,8063.38
97932469,483691,1,PayPal,1,5090.7
60301393,364043,1,iDEAL,1,2884.93
47872834,725217,1,Bank Transfer,1,2986.9
39659096,254743,1,PayPal,1,2063.24
56826814,991590,1,PayPal,1,4511.54
26765950,872464,1,Bank Transfer,1,2892.82
97467277,605889,1,iDEAL,1,115.37
17428857,844301,1,Visa,1,3394.35
30878380,206003,1,Bank Transfer,1,2357.73
54024534,462364,1,iDEAL,1,1558.99
77643979,708065,1,Apple Pay,1,3255.19
66807199,716593,1,Apple Pay,1,3730.58
92735372,902373,1,Visa,1,91.56
64613493,131500,1,Bank Transfer,1,2430.0
22773059,254605,1,Bank Transfer,1,8972.88
89711470,857248,1,Visa,1,3895.42
10845715,626375,1,Visa,1,956.04
36311687,384857,1,Mastercard,1,5869.55
79787010,123297,1,Visa,1,3260.89
27031436,658813,1,Mastercard,1,3310.41
47121172,530042,1,Google Pay,1,1085.15
43901299,294512,1,Klarna,1,1996.48
13943913,736815,1,Klarna,6,1849.53
64832466,999149,1,PayPal,1,4015.97
31045121,677817,1,Klarna,12,2858.96
40923085,929327,1,Mastercard,1,5702.98
91286923,404377,1,Mastercard,1,202.41
17291648,782315,1,Google Pay,1,779.3
37473132,461428,1,Apple Pay,1,6963.27
30478097,114430,1,PayPal,1,168.89
79075776,588544,1,Klarna,1,2330.23
42985206,163811,1,Visa,1,1717.33
90501844,259396,1,Klarna,12,2464.16
61327185,299259,1,PayPal,1,1171.55
55992644,648594,1,Klarna,3,1630.65
24219104,534797,1,Klarna,1,1676.15
34255841,229005,1,Mastercard,1,1661.39
75196835,818983,1,Bank Transfer,1,1123.92
64713234,344416,1,Bank Transfer,1,699.77
70615030,840487,1,Klarna,12,36.22
62265866,745557,1,Google Pay,1,3175.81
31091981,825782,1,Bank Transfer,1,2394.07
41200290,598916,1,iDEAL,1,2479.75
23552802,680486,1,Klarna,6,3416.73
98853206,400411,1,Visa,1,2545.85
78216555,334680,1,Mastercard,1,3017.76
32333213,283256,1,iDEAL,1,6551.11
32677122,537984,1,iDEAL,1,2330.75
31852194,823764,1,PayPal,1,2270.48
20685304,944987,1,Bank Transfer,1,2286.29
23568854,538209,1,PayPal,1,1438.65
52333075,623878,1,Mastercard,1,45.59
54341179,525935,1,Mastercard,1,2982.2
72654304,334879,1,PayPal,1,179.22
82731342,452854,1,Klarna,3,317.05
44204505,794832,1,PayPal,1,6785.34
97577913,754629,1,iDEAL,1,4218.37
25272878,762751,1,Klarna,3,143.92
69540898,461446,1,Mastercard,1,5692.04
86532527,298238,1,Klarna,12,899.85
74320913,857299,1,PayPal,1,4407.36
84062746,419044,1,Klarna,3,4678.01
92913500,160163,1,Bank Transfer,1,1572.57
64290914,192950,1,PayPal,1,4717.72
50797599,683558,1,Mastercard,1,2708.64
74467948,818015,1,Visa,1,732.33
89862223,387948,1,Visa,1,3689.64
47594366,647334,1,Klarna,1,1721.81
45898855,854016,1,Bank Transfer,1,1826.95
76550732,692097,1,Mastercard,1,1631.01
11251278,222036,1,Bank Transfer,1,2139.13
22403010,760504,1,iDEAL,1,119.16
84671579,900038,1,PayPal,1,4244.35
80211475,219135,1,Bank Transfer,1,987.19
47824546,530594,1,Apple Pay,1,863.42
49909188,967605,1,Visa,1,3047.45
17949635,512909,1,Mastercard,1,129.62
74724745,144325,1,Mastercard,1,1531.02
86365985,732494,1,Bank Transfer,1,103.03
51445444,497804,1,Klarna,6,6814.83
21222206,309508,1,Visa,1,1159.01
53658474,974223,1,iDEAL,1,1512.81
50489927,277228,1,Visa,1,3457.68
71743869,344204,1,Visa,1,530.46
14084838,680160,1,iDEAL,1,3073.03
65736917,506029,1,Bank Transfer,1,66.47
71049226,926089,1,Mastercard,1,6663.11
72996882,481306,1,Apple Pay,1,4125.47
38775820,866521,1,Google Pay,1,2889.13
23224397,722881,1,iDEAL,1,3910.97
81433617,114685,1,PayPal,1,79.01
97817379,191076,1,Google Pay,1,2271.56
61189630,652259,1,Klarna,6,167.03
12722916,460034,1,Visa,1,107.2
63854278,839816,1,Bank Transfer,1,59.41
97499864,326655,1,PayPal,1,5248.89
57303116,896062,1,PayPal,1,1301.67
44903402,199782,1,Klarna,3,80.82
54533107,477641,1,Google Pay,1,7332.05
44622692,329114,1,Mastercard,1,3390.07
41818039,682916,1,Visa,1,1486.5
75700046,234599,1,Apple Pay,1,1277.11
63637218,554240,1,Mastercard,1,3445.75
49681694,979383,1,Klarna,3,4644.54
58899477,658542,1,Klarna,6,3892.42
99607931,689605,1,Klarna,3,4340.04
24323436,558861,1,iDEAL,1,784.54
19064814,738870,1,Google Pay,1,2567.56
26860071,288691,1,Bank Transfer,1,806.24
24630732,181354,1,PayPal,1,595.97
40117790,905609,1,Bank Transfer,1,3026.67
55956967,139985,1,iDEAL,1,2228.34
58686130,208435,1,Klarna,1,2170.56
91300846,274222,1,Visa,1,29.13
69475724,880949,1,iDEAL,1,1678.71
64379647,318611,1,iDEAL,1,2354.16
26615257,410333,1,Visa,1,1831.02
66043609,390533,1,Visa,1,2741.12
64519986,599263,1,Mastercard,1,1805.23
78819979,619109,1,Apple Pay,1,1783.79
49146892,883215,1,PayPal,1,888.51
21356505,368035,1,Visa,1,2760.47
21907111,167959,1,iDEAL,1,1003.21
60562033,979095,1,Mastercard,1,4349.14
72021782,598758,1,Google Pay,1,3359.14
51093372,111807,1,Mastercard,1,1121.71
87460060,226458,1,Bank Transfer,1,882.38
21739772,335774,1,Apple Pay,1,1914.6
26457348,804311,1,iDEAL,1,1572.88
87790477,730316,1,Bank Transfer,1,5685.97
57831537,369943,1,Google Pay,1,982.22
62344516,526743,1,Google Pay,1,2207.25
79074848,907975,1,Klarna,12,367.78
74008044,664612,1,Apple Pay,1,5332.85
27575742,603683,1,PayPal,1,4743.07
28291848,554305,1,Mastercard,1,3183.75
11690406,272402,1,iDEAL,1,3402.39
59859829,708050,1,Klarna,6,2854.95
99725391,124756,1,iDEAL,1,11462.15
61284497,505277,1,Mastercard,1,3090.71
53472640,210861,1,PayPal,1,5143.96
96390294,407711,1,Apple Pay,1,6071.63
21527092,885202,1,Google Pay,1,2558.81
55214459,630046,1,Apple Pay,1,157.05
88374676,236618,1,iDEAL,1,916.82
11403038,512565,1,Visa,1,390.05
24224014,461315,1,iDEAL,1,187.4
70189635,677332,1,Bank Transfer,1,2851.65
98181944,959825,1,Visa,1,760.61
24148683,643089,1,iDEAL,1,2079.53
81209867,560738,1,Apple Pay,1,4332.87
98050656,399090,1,Visa,1,3981.9
35916174,376641,1,Visa,1,1498.34
58428072,862003,1,Mastercard,1,3390.1
85383309,352131,1,Visa,1,1804.41
43798189,334453,1,PayPal,1,2384.1
53494254,459624,1,iDEAL,1,266.73
23093757,181086,1,Google Pay,1,4510.72
31538667,983972,1,Bank Transfer,1,2170.94
78016893,584464,1,iDEAL,1,3722.86
59521461,689677,1,Visa,1,610.93
11166408,753770,1,Klarna,6,2533.63
52540649,877809,1,Mastercard,1,299.98
11688050,991118,1,Klarna,3,6953.54
94324648,692306,1,Mastercard,1,462.18
43341621,353774,1,Apple Pay,1,1693.5
70245299,261736,1,Visa,1,2974.58
13679986,787739,1,Visa,1,5473.45
41911856,778769,1,Visa,1,3793.81
30297192,602692,1,Mastercard,1,2467.75
85833845,701393,1,iDEAL,1,3014.96
22987184,251265,1,Bank Transfer,1,1353.49
96387330,403650,1,Apple Pay,1,5297.72
95159953,104144,1,PayPal,1,7925.58
42485689,119050,1,Google Pay,1,3452.03
20476135,713001,1,Apple Pay,1,7038.16
59971479,317606,1,PayPal,1,5353.73
25210253,223253,1,Mastercard,1,2104.69
15663900,504682,1,Bank Transfer,1,2264.19
73157507,766156,1,Mastercard,1,3251.23
80574836,152638,1,Apple Pay,1,3622.02
66496550,219503,1,Mastercard,1,6173.76
46787456,283355,1,Google Pay,1,389.8
93143563,464680,1,Apple Pay,1,108.42
41111406,799309,1,PayPal,1,1886.38
62598826,985639,1,Apple Pay,1,3790.66
23560373,724449,1,Google Pay,1,6578.03
92655791,412723,1,iDEAL,1,2604.83
16286298,306405,1,Apple Pay,1,4901.84
20705021,130289,1,Klarna,1,72.39
25989977,193212,1,Visa,1,1137.32
77905987,534684,1,Klarna,12,3070.77
11803696,911633,1,Mastercard,1,1254.55
75399078,761366,1,Visa,1,3124.18
48583778,397735,1,Klarna,3,739.76
75664925,401848,1,Apple Pay,1,5078.66
42213146,663578,1,PayPal,1,2461.77
11068488,329378,1,Bank Transfer,1,965.49
63206652,926540,1,PayPal,1,5230.18
26214565,950480,1,PayPal,1,1573.91
28100769,631997,1,iDEAL,1,5709.39
32696089,766102,1,iDEAL,1,4709.56
34014598,724568,1,Visa,1,1568.02
79487915,895553,1,Klarna,12,1199.97
31459334,510318,1,Bank Transfer,1,5239.77
21892141,750283,1,iDEAL,1,5140.18
49639794,875095,1,Visa,1,1560.19
99211503,493655,1,PayPal,1,2170.07
62611467,623513,1,Visa,1,821.61
83270844,724637,1,Bank Transfer,1,3067.84
73395485,137439,1,Visa,1,1154.75
82404317,591334,1,Bank Transfer,1,7454.56
95446764,604924,1,PayPal,1,2313.99
70371971,294993,1,iDEAL,1,5591.91
22558453,478964,1,Klarna,12,201.59
88356782,815333,1,iDEAL,1,1654.46
28938318,866662,1,Mastercard,1,46.25
53828465,691003,1,iDEAL,1,4488.67
76796782,353379,1,Visa,1,69.07
56277203,314077,1,Visa,1,1565.97
14778542,489831,1,Visa,1,1086.09
18589402,931974,1,Bank Transfer,1,3990.01
60650759,235744,1,Mastercard,1,4156.17
77608776,857600,1,Google Pay,1,154.56
85633494,945928,1,Apple Pay,1,7657.57
92490286,852003,1,Visa,1,67.65
68533473,896240,1,Visa,1,745.93
84289272,196274,1,Mastercard,1,1970.4
15580595,675440,1,PayPal,1,4384.83
13810052,312937,1,PayPal,1,1062.06
28406300,634746,1,Mastercard,1,4447.26
12543394,146400,1,Apple Pay,1,3341.1
28416870,137766,1,Klarna,3,4677.7
20121604,207477,1,Mastercard,1,732.28
56987111,357872,1,Klarna,1,7113.31
55251846,495112,1,Mastercard,1,2462.46
78235989,522061,1,Visa,1,461.38
49873416,759585,1,iDEAL,1,4099.8
34034106,662801,1,PayPal,1,6925.42
42218863,622503,1,Bank Transfer,1,827.68
21774104,690078,1,iDEAL,1,8709.97
15773617,104033,1,PayPal,1,134.65
72647619,818789,1,Klarna,1,3529.21
32296343,300984,1,Google Pay,1,2648.49
54721515,221330,1,iDEAL,1,2947.1
96214862,614607,1,Bank Transfer,1,1502.19
40503122,595968,1,Google Pay,1,2928.91
79098455,784125,1,Bank Transfer,1,1348.55
39182129,492545,1,Klarna,6,398.43
30637679,835143,1,Visa,1,4444.87
89744191,238955,1,Google Pay,1,2425.63
68373633,751968,1,iDEAL,1,2329.96
51643837,830589,1,Apple Pay,1,3759.33
85797835,642191,1,Apple Pay,1,1580.52
42567326,487276,1,PayPal,1,1107.29
75559065,130753,1,Visa,1,1221.65
68862610,769779,1,Klarna,1,3741.82
78602709,748134,1,Visa,1,3499.9
62649895,966140,1,PayPal,1,87.65
74512483,561091,1,Google Pay,1,2459.85
83595128,787772,1,PayPal,1,2319.22
72978924,832178,1,Apple Pay,1,319.19
38307478,661951,1,PayPal,1,2132.95
75724630,181472,1,Apple Pay,1,47.81
78699427,380168,1,Google Pay,1,958.42
54261381,316236,1,Mastercard,1,100.42
94789685,391277,1,Google Pay,1,449.14
94349197,413517,1,iDEAL,1,2477.98
41088434,666993,1,Apple Pay,1,136.24
63057630,873392,1,Bank Transfer,1,97.2
75799936,769390,1,Mastercard,1,826.94
60592171,336158,1,PayPal,1,959.77
30406062,733913,1,Bank Transfer,1,2662.58
56887059,978224,1,Klarna,6,7269.31
74216281,484140,1,Mastercard,1,271.62
51746975,234901,1,Bank Transfer,1,2745.23
37214060,304651,1,PayPal,1,3381.29
98386489,243863,1,iDEAL,1,3403.98
27159250,315375,1,iDEAL,1,81.3
75143433,895067,1,PayPal,1,1112.3
89123584,939501,1,Mastercard,1,398.7
33756312,173998,1,iDEAL,1,3146.52
52711665,628495,1,Bank Transfer,1,3275.17
89787399,614035,1,Klarna,3,6378.95
98312434,756029,1,Google Pay,1,643.59
57227620,126369,1,Apple Pay,1,4871.39
63790338,240219,1,Klarna,1,3954.27
80832198,259680,1,iDEAL,1,173.61
77636540,789361,1,Klarna,12,3409.75
53351676,729401,1,Bank Transfer,1,2868.07
54971899,729681,1,Klarna,1,3460.97
75106513,648125,1,Visa,1,3877.36
25141063,576747,1,Bank Transfer,1,4038.63
52467272,155970,1,iDEAL,1,73.26
45010273,369179,1,PayPal,1,3970.36
12542931,346466,1,Apple Pay,1,4355.57
50476698,415722,1,Klarna,6,2065.25
59085465,245503,1,Google Pay,1,4131.59
10037291,170911,1,Mastercard,1,1529.35
18264541,525552,1,Bank Transfer,1,40.61
76429045,441364,1,Apple Pay,1,461.4
79155038,265966,1,Mastercard,1,7571.57
16310589,253034,1,Bank Transfer,1,4330.66
99971442,948911,1,PayPal,1,218.45
15420428,579433,1,PayPal,1,1556.94
37112307,424901,1,Bank Transfer,1,1443.83
96935149,260804,1,Klarna,12,94.97
77872849,231047,1,Klarna,1,107.33
60232524,921280,1,PayPal,1,2222.66
14178871,209475,1,Klarna,12,6577.78
93205842,480260,1,PayPal,1,2221.51
25367524,268062,1,Visa,1,7667.38
44073099,597559,1,Visa,1,47.54
23395566,650129,1,PayPal,1,2762.98
55523356,134523,1,Apple Pay,1,2964.48
13183898,331472,1,Klarna,12,1187.77
21422471,985940,1,iDEAL,1,5894.31
81515270,190136,1,Apple Pay,1,3178.34
95448664,358199,1,Klarna,12,5352.34
68576882,650776,1,iDEAL,1,5108.52
33634139,169359,1,iDEAL,1,2292.17
63980903,185924,1,Bank Transfer,1,174.17
37471798,851948,1,Apple Pay,1,2767.3
84748001,442076,1,Visa,1,111.61
88629812,904028,1,Klarna,3,2821.17
13304925,672146,1,Mastercard,1,271.34
22151527,261301,1,Apple Pay,1,2920.72
82333191,339493,1,Visa,1,38.47
96886624,824668,1,Apple Pay,1,1613.11
69463392,835449,1,Google Pay,1,6421.11
54351555,303160,1,Klarna,1,5519.17
19987287,866558,1,Visa,1,1538.56
77532037,847064,1,Bank Transfer,1,816.75
38162206,167228,1,Mastercard,1,6390.09
48510802,135533,1,Apple Pay,1,2581.52
31602694,593308,1,Google Pay,1,4713.49
38525890,906297,1,iDEAL,1,4880.06
43193951,878091,1,Bank Transfer,1,1571.56
29458934,742721,1,Mastercard,1,3071.52
15707029,986030,1,Mastercard,1,2465.36
77613184,639061,1,Klarna,6,1451.93
95464037,118185,1,Google Pay,1,1844.65
20660896,922518,1,Apple Pay,1,3473.19
80083729,159869,1,Visa,1,2325.79
27750284,293027,1,Google Pay,1,1474.58
33276388,820164,1,Google Pay,1,3057.59
92151273,120269,1,Apple Pay,1,1596.58
29968777,309146,1,Mastercard,1,4480.53
50589036,520955,1,Bank Transfer,1,1073.01
29665006,276095,1,Klarna,6,1283.66
14807749,646987,1,Mastercard,1,4951.87
87949743,498398,1,iDEAL,1,7012.08
82775632,884359,1,Klarna,6,160.31
18804682,803807,1,Apple Pay,1,69.33
73284121,323212,1,Visa,1,2944.59
24208575,141351,1,PayPal,1,77.26
96439807,595904,1,PayPal,1,2871.67
86810074,326699,1,Visa,1,2529.21
65432047,768451,1,Bank Transfer,1,3953.14
79088498,465362,1,Google Pay,1,1936.29
47425133,194987,1,Apple Pay,1,3868.53
42025917,319966,1,iDEAL,1,2883.9
57655434,215136,1,iDEAL,1,2234.22
39182104,270843,1,Visa,1,5930.36
48630282,982381,1,PayPal,1,36.3
38623431,228966,1,PayPal,1,3288.2
86857888,479312,1,Mastercard,1,3009.63
23451901,829914,1,Visa,1,3700.15
54564137,861240,1,iDEAL,1,381.16
43262777,711858,1,Google Pay,1,3333.43
48134156,604261,1,Klarna,1,1865.81
47752040,662575,1,PayPal,1,4268.47
87267697,243011,1,Visa,1,2173.95
54466973,763206,1,Google Pay,1,7208.66
28344899,790227,1,Mastercard,1,376.52
87776891,787616,1,Apple Pay,1,517.75
52542408,450918,1,Bank Transfer,1,4449.84
16578666,472580,1,PayPal,1,7088.24
30279603,703776,1,Visa,1,2812.7
83969321,322192,1,Bank Transfer,1,5962.79
49610585,842594,1,Google Pay,1,1052.03
36043114,463163,1,iDEAL,1,1536.35
44578582,510542,1,Apple Pay,1,2390.65
37110709,949272,1,Klarna,12,9498.11
84945932,327621,1,Apple Pay,1,8593.15
55060735,137128,1,Google Pay,1,919.27
85027530,259808,1,iDEAL,1,593.48
26447716,190888,1,Klarna,12,5172.53
42853560,348959,1,Mastercard,1,76.15
28547306,160668,1,PayPal,1,1082.18
57895405,804867,1,Bank Transfer,1,3031.47
81876665,484398,1,Mastercard,1,1078.0
98379900,531667,1,Apple Pay,1,2419.52
92106789,822168,1,Mastercard,1,1488.21
67251120,646493,1,Mastercard,1,4790.2
59155854,665247,1,Google Pay,1,91.74
58921127,704101,1,Google Pay,1,6769.41
76780200,608521,1,Mastercard,1,1507.87
81694079,424884,1,iDEAL,1,1202.09
13692616,903647,1,Klarna,6,5094.09
83429634,165057,1,Visa,1,6000.05
50207361,955829,1,Klarna,1,279.61
87938921,821043,1,PayPal,1,3137.48
26148876,544438,1,Mastercard,1,3113.6
32709815,833510,1,iDEAL,1,8090.28
57174329,494567,1,Google Pay,1,585.78
62909175,451194,1,Apple Pay,1,354.2
86349838,703395,1,Klarna,12,1086.45
90556696,417877,1,PayPal,1,1072.8
49884235,576662,1,iDEAL,1,4674.52
41293925,834962,1,Mastercard,1,9472.26
24371238,297911,1,Apple Pay,1,3267.91
98904085,497945,1,Google Pay,1,254.31
73771403,395787,1,Bank Transfer,1,914.39
72175137,163049,1,Visa,1,43.83
97899092,528962,1,Google Pay,1,36.89
18505582,872998,1,Apple Pay,1,168.24
56143441,979308,1,PayPal,1,6765.83
22779911,791873,1,Apple Pay,1,3436.51
35910043,170424,1,PayPal,1,6127.64
28273368,364991,1,Mastercard,1,1152.9
56016865,151743,1,PayPal,1,9668.75
61870847,658114,1,Google Pay,1,2963.58
90219173,111717,1,Visa,1,1477.15
68343809,468746,1,Google Pay,1,4354.15
51236040,323545,1,Visa,1,4254.39
60907046,638167,1,Klarna,6,5936.15
41535003,851464,1,Mastercard,1,6008.15
78045555,164228,1,Bank Transfer,1,6050.75
82344000,823505,1,Mastercard,1,1227.55
93322919,234875,1,PayPal,1,451.5
46405282,954109,1,iDEAL,1,1420.03
26287265,291301,1,Apple Pay,1,110.06
93032216,177362,1,Google Pay,1,4472.86
41601898,219201,1,PayPal,1,2351.42
39846232,738989,1,Visa,1,3982.21
45156451,389273,1,PayPal,1,2022.2
74306303,250806,1,Mastercard,1,1871.0
52701063,360240,1,Visa,1,86.87
53727565,102941,1,PayPal,1,1631.12
55484507,237351,1,iDEAL,1,6246.02
94725304,137967,1,Mastercard,1,1554.52
52525686,567280,1,Google Pay,1,1494.72
93203689,914377,1,Visa,1,5973.23
93381686,930550,1,Google Pay,1,630.69
39328035,761402,1,iDEAL,1,1017.74
52107912,608143,1,Apple Pay,1,2792.34
97726283,232557,1,iDEAL,1,3669.27
13476820,121278,1,Mastercard,1,4417.58
34400626,352333,1,Visa,1,831.42
65682567,357720,1,Klarna,1,1456.6
34847741,307779,1,Mastercard,1,4445.16
34330320,907090,1,Visa,1,3355.41
46012678,294442,1,Mastercard,1,1131.7
10661987,367854,1,Visa,1,33.57
27398769,846311,1,iDEAL,1,5099.46
59545798,440853,1,Google Pay,1,6346.93
86132617,464100,1,Apple Pay,1,4290.03
78667765,221066,1,Visa,1,6360.63
69819581,796032,1,Google Pay,1,60.63
44878507,824061,1,Bank Transfer,1,3194.06
40685912,409781,1,Bank Transfer,1,3686.37
28364402,396618,1,Mastercard,1,425.05
96991492,650299,1,PayPal,1,3767.8
83195731,958817,1,Google Pay,1,911.36
55433199,284019,1,Mastercard,1,4265.7
88309628,660120,1,Visa,1,1170.09
80659268,827579,1,Klarna,3,2354.28
98414985,212179,1,Visa,1,1171.69
47705715,432090,1,Mastercard,1,98.44
42232423,952424,1,PayPal,1,4560.75
92282373,216289,1,iDEAL,1,4439.6
36901032,677250,1,Mastercard,1,806.22
34517214,633924,1,Klarna,6,3997.71
54906076,603163,1,Bank Transfer,1,921.17
61668729,624706,1,PayPal,1,440.98
38938409,465418,1,Bank Transfer,1,2961.86
65535575,939646,1,Bank Transfer,1,179.83
18551948,881816,1,iDEAL,1,2087.19
58776434,665728,1,Google Pay,1,1458.79
97697792,266806,1,Mastercard,1,92.78
46646791,606306,1,Bank Transfer,1,5154.98
98867834,980244,1,Klarna,12,50.19
22517561,897290,1,Apple Pay,1,385.82
39184176,913740,1,Klarna,3,464.45
73685067,659127,1,PayPal,1,745.75
13275378,357056,1,Mastercard,1,435.6
81451910,259990,1,Apple Pay,1,269.02
82462113,724456,1,Apple Pay,1,3139.68
24445505,857669,1,Apple Pay,1,2980.0
16073734,954776,1,iDEAL,1,46.59
59816710,738962,1,Apple Pay,1,1705.57
50937034,797520,1,PayPal,1,3440.91
88941113,417604,1,Bank Transfer,1,3111.64
76547612,291271,1,Bank Transfer,1,8087.87
77110966,983880,1,Google Pay,1,473.8
15451198,159012,1,Klarna,6,2599.63
98660917,795087,1,Visa,1,1517.32
92216627,416443,1,Mastercard,1,8397.09
18998872,948026,1,Mastercard,1,2546.61
78727862,339131,1,Google Pay,1,1652.09
25680153,636805,1,PayPal,1,2378.08
58772942,889940,1,iDEAL,1,6983.64
76036556,296480,1,Visa,1,4453.76
53451158,595214,1,Visa,1,130.69
89406341,354368,1,Apple Pay,1,6229.63
96005319,757383,1,Google Pay,1,1698.84
50046386,862005,1,Bank Transfer,1,4538.91
44957415,756681,1,Apple Pay,1,2537.53
44848508,721321,1,Visa,1,3976.73
53566527,199609,1,Klarna,6,4547.65
52771720,937047,1,Klarna,12,3322.61
86843740,918882,1,Apple Pay,1,5034.19
43936869,572614,1,Bank Transfer,1,4613.9
35171699,614347,1,PayPal,1,6985.66
52434592,425027,1,PayPal,1,494.53
36770058,640752,1,Apple Pay,1,2618.65
82674459,328496,1,Bank Transfer,1,2009.8
86659132,677718,1,Google Pay,1,3256.18
63485482,617305,1,PayPal,1,1171.65
86019662,117480,1,Google Pay,1,6454.82
84213919,530362,1,Bank Transfer,1,5974.42
68307097,796665,1,iDEAL,1,1844.39
44962002,101271,1,Apple Pay,1,570.2
87633778,402724,1,Google Pay,1,3761.56
36892151,702427,1,Klarna,12,2013.68
19320700,348400,1,Visa,1,157.47
16169249,558162,1,iDEAL,1,7644.53
26105303,811323,1,Apple Pay,1,4716.5
34017450,606420,1,PayPal,1,6030.03
37627447,134707,1,Klarna,1,2914.55
64219188,404499,1,iDEAL,1,8915.85
59462587,982354,1,iDEAL,1,117.77
91292627,794029,1,iDEAL,1,5191.73
66380293,108426,1,Google Pay,1,2572.24
52312034,353533,1,Google Pay,1,4556.54
33380412,323453,1,Klarna,3,1004.65
33041077,187309,1,Visa,1,4543.44
68717692,429926,1,Bank Transfer,1,3320.88
60894321,857346,1,Mastercard,1,55.57
14294928,373352,1,Visa,1,47.17
78795825,919603,1,Visa,1,3262.0
57009642,162338,1,Google Pay,1,2599.6
55249354,207310,1,Mastercard,1,5412.89
48782781,782604,1,iDEAL,1,3310.53
68477632,964063,1,Klarna,3,5736.14
56091310,250663,1,Visa,1,98.3
26855942,158829,1,Klarna,3,90.53
10936979,954313,1,PayPal,1,4340.65
77392903,681583,1,Klarna,6,4974.43
51642010,953713,1,Apple Pay,1,5271.32
71614534,860940,1,iDEAL,1,5441.1
80274002,961741,1,Klarna,6,31.53
19496527,763773,1,Klarna,3,53.72
25456523,796654,1,Google Pay,1,109.09
27560259,587191,1,Google Pay,1,2379.48
92221711,319722,1,Apple Pay,1,58.54
41402679,338426,1,Bank Transfer,1,4423.42
67271612,350536,1,Klarna,6,1321.34
27571649,466819,1,Klarna,1,1675.38
76211208,777244,1,Bank Transfer,1,3014.56
26610186,585059,1,Google Pay,1,2339.74
47693757,903015,1,iDEAL,1,2427.84
93912744,890517,1,iDEAL,1,2983.02
36067339,280228,1,Mastercard,1,2054.21
17100483,618479,1,Bank Transfer,1,936.45
17956317,251686,1,Bank Transfer,1,70.76
59083321,280336,1,Klarna,12,841.94
83135204,643517,1,Apple Pay,1,9606.66
81528121,593893,1,Visa,1,5170.93
40374033,501970,1,iDEAL,1,1663.47
93753140,262505,1,PayPal,1,353.27
41330020,775146,1,Apple Pay,1,1568.24
27132853,813964,1,Klarna,12,3507.63
55637323,328604,1,Klarna,12,10825.47
31169307,231200,1,Visa,1,3997.84
27469265,785250,1,Bank Transfer,1,2408.25
70445971,405761,1,Mastercard,1,5204.65
95297252,750951,1,PayPal,1,3702.69
36268110,785729,1,PayPal,1,70.77
94513408,600810,1,Mastercard,1,644.09
87268638,177491,1,Apple Pay,1,5757.41
50106947,931402,1,Bank Transfer,1,6315.0
55310457,167017,1,Google Pay,1,4064.9
27210654,149781,1,iDEAL,1,1497.93
79981313,966582,1,Apple Pay,1,49.07
54763707,427209,1,Mastercard,1,2145.62
96321651,276939,1,iDEAL,1,3701.95
29912732,834048,1,PayPal,1,211.42
22689517,984393,1,Google Pay,1,1164.09
95953030,534619,1,Klarna,6,2999.44
12535915,311694,1,Google Pay,1,2162.29
21412609,887481,1,Visa,1,9199.59
27890165,790262,1,Visa,1,2257.21
15879366,197042,1,PayPal,1,132.93
77707215,732018,1,Visa,1,934.38
89048161,789112,1,Visa,1,2268.24
21459097,932168,1,Klarna,12,6168.15
60314066,304890,1,PayPal,1,2217.06
13880017,668079,1,Klarna,6,7174.66
15314730,416243,1,Bank Transfer,1,1982.35
35496940,850214,1,iDEAL,1,1724.6
67575531,601519,1,Visa,1,2479.89
62557338,543176,1,Klarna,12,3497.67
21084987,398167,1,Google Pay,1,3573.66
78535612,956040,1,Visa,1,4816.16
25850487,427582,1,Klarna,6,8810.31
99434070,126878,1,Mastercard,1,2298.52
44562940,597885,1,Bank Transfer,1,3643.7
27234859,313812,1,Klarna,6,4940.02
84255093,506346,1,Visa,1,362.33
16096275,338297,1,Bank Transfer,1,59.57
22230612,785425,1,Google Pay,1,3126.46
41848705,298378,1,Klarna,6,2220.29
17312836,310866,1,Apple Pay,1,2842.31
46605151,469147,1,Apple Pay,1,4530.88
92797648,499023,1,Apple Pay,1,3482.21
23053699,437740,1,Bank Transfer,1,2532.12
85350234,604516,1,Bank Transfer,1,1964.45
97228401,114583,1,Visa,1,2069.69
95204828,394815,1,Mastercard,1,8088.92
47369117,427027,1,Mastercard,1,245.93
63320460,486835,1,PayPal,1,819.5
20318624,394702,1,Google Pay,1,2483.8
39185045,620122,1,PayPal,1,5700.99
14370443,354419,1,Google Pay,1,2259.05
11287621,158282,1,PayPal,1,2150.91
90285787,263704,1,Apple Pay,1,8551.65
71314618,734789,1,Mastercard,1,1472.23
94359627,408876,1,iDEAL,1,1233.55
80922854,735801,1,PayPal,1,850.02
31475663,817467,1,Mastercard,1,2118.41
15588779,635358,1,Apple Pay,1,2570.16
47720921,805319,1,iDEAL,1,477.83
88050862,773476,1,iDEAL,1,1607.49
55158799,535774,1,Google Pay,1,4862.95
35253349,866793,1,iDEAL,1,4485.12
92013763,377298,1,Bank Transfer,1,75.46
99107432,513317,1,Bank Transfer,1,4223.65
46650750,770499,1,Visa,1,5538.18
84577496,166888,1,Apple Pay,1,3255.11
40929698,753863,1,Bank Transfer,1,3283.85
98313206,758241,1,PayPal,1,2090.18
28664458,178283,1,PayPal,1,4107.74
78986368,901318,1,Bank Transfer,1,1028.5
20589806,287726,1,iDEAL,1,2085.52
21631623,140262,1,Bank Transfer,1,5268.39
62320873,577093,1,Apple Pay,1,2734.16
99178742,919590,1,Bank Transfer,1,3351.83
60976251,557726,1,PayPal,1,2155.95
13081105,596372,1,PayPal,1,3059.32
27641519,229604,1,PayPal,1,3643.24
21895531,880954,1,Apple Pay,1,96.93
93413790,779804,1,Klarna,12,85.34
38315195,679794,1,iDEAL,1,9091.11
83021550,914462,1,Klarna,3,2750.42
86117021,126851,1,Google Pay,1,7270.14
81159868,669961,1,iDEAL,1,1656.19
63135664,467163,1,Klarna,6,5871.95
86823502,150663,1,Visa,1,3080.96
10913355,828400,1,Bank Transfer,1,1572.71
95555977,604977,1,Google Pay,1,4337.27
93619232,592350,1,Bank Transfer,1,107.78
34809273,929728,1,Bank Transfer,1,2183.5
53329949,987850,1,Visa,1,3532.5
97226417,975406,1,iDEAL,1,3491.96
24792723,509869,1,Mastercard,1,4019.07
90085415,209604,1,Bank Transfer,1,2350.15
63242769,141661,1,PayPal,1,1330.01
85927441,146316,1,Visa,1,221.14
34114482,706770,1,Visa,1,2220.08
73500319,840210,1,Mastercard,1,924.79
66069283,335921,1,iDEAL,1,59.45
31054980,767397,1,Mastercard,1,1034.54
59017929,997309,1,Visa,1,2176.93
24575065,613852,1,Bank Transfer,1,2465.41
11824329,255076,1,iDEAL,1,1035.36
11190032,660260,1,Apple Pay,1,3137.74
11121847,979477,1,Apple Pay,1,4336.59
98033459,596558,1,Apple Pay,1,1895.18
47249687,278020,1,Bank Transfer,1,3211.27
82996854,701049,1,Mastercard,1,1908.69
12290885,985373,1,Google Pay,1,865.72
19815679,370035,1,Visa,1,1562.29
78018294,500542,1,iDEAL,1,4415.12
30486411,555338,1,iDEAL,1,2485.17
15474578,619953,1,PayPal,1,4366.73
32414952,845893,1,Mastercard,1,567.8
42906047,125861,1,Apple Pay,1,4825.81
11857332,290497,1,Visa,1,1530.89
11078545,886541,1,Bank Transfer,1,88.74
18899438,455145,1,iDEAL,1,3324.56
52570795,346300,1,Klarna,12,2090.7
31677228,113453,1,iDEAL,1,6855.94
56342773,170296,1,PayPal,1,665.67
80458846,196388,1,PayPal,1,770.04
29809466,850977,1,Bank Transfer,1,7649.38
71959810,553602,1,Klarna,1,193.61
43671345,253942,1,iDEAL,1,1004.64
68964498,561530,1,Klarna,12,2284.37
60005025,495541,1,Bank Transfer,1,6372.34
46644169,958936,1,Bank Transfer,1,5089.73
40254871,285474,1,Mastercard,1,4022.59
92453682,157464,1,Visa,1,2399.53
35597725,211595,1,iDEAL,1,2917.36
40214599,100304,1,PayPal,1,1830.63
42276690,679559,1,Visa,1,4689.52
41847303,592369,1,Visa,1,1909.12
92631504,220357,1,iDEAL,1,2377.14
33799691,435626,1,Apple Pay,1,2469.14
79830652,951565,1,Apple Pay,1,1063.93
83461485,467717,1,Apple Pay,1,1309.1
57998215,461335,1,Google Pay,1,830.49
31835303,992846,1,PayPal,1,2794.01
98265661,875072,1,iDEAL,1,3136.27
54440718,542883,1,Mastercard,1,979.21
89799620,919876,1,PayPal,1,1207.0
50904112,984100,1,iDEAL,1,2824.42
86327969,595520,1,Visa,1,2424.4
24383553,432355,1,Visa,1,1275.07
92949782,578270,1,iDEAL,1,4124.84
19958418,511656,1,Visa,1,3077.13
19101602,496048,1,Mastercard,1,2441.82
59041840,625058,1,Bank Transfer,1,703.39
54473857,144387,1,Klarna,12,5435.08
46413788,320562,1,Klarna,1,1502.31
62643825,808505,1,Bank Transfer,1,55.55
44247320,823770,1,Bank Transfer,1,571.03
16210765,745117,1,Bank Transfer,1,2112.76
58835651,548616,1,Google Pay,1,2502.2
64761686,258068,1,Apple Pay,1,2095.23
15359421,935579,1,Google Pay,1,3395.32
96296851,220545,1,PayPal,1,3269.1
93809901,215881,1,Klarna,1,1804.27
17790283,644518,1,Mastercard,1,1091.82
28602802,833895,1,Bank Transfer,1,5062.16
35764433,534253,1,Apple Pay,1,6711.29
36516783,861637,1,PayPal,1,814.42
52176102,419038,1,Google Pay,1,474.34
10929774,354553,1,Mastercard,1,1466.39
73292838,575285,1,Klarna,12,717.0
72890587,536514,1,Apple Pay,1,2819.04
92723849,891357,1,Klarna,6,1372.33
31976875,778478,1,Mastercard,1,3334.84
86896769,316866,1,Bank Transfer,1,1737.21
74108328,691722,1,Google Pay,1,1648.29
98211419,474013,1,Apple Pay,1,1062.68
93423864,920200,1,Google Pay,1,2943.56
70251511,584772,1,Klarna,3,3057.91
90828262,893401,1,Visa,1,6739.8
67980763,661153,1,iDEAL,1,2782.87
58338027,183579,1,Bank Transfer,1,2756.17
64011436,107888,1,Visa,1,1571.47
16353534,945624,1,iDEAL,1,1646.75
22686108,948393,1,iDEAL,1,307.92
69597712,404344,1,Apple Pay,1,2220.94
52846314,583644,1,Google Pay,1,1130.78
46179951,568438,1,Bank Transfer,1,290.47
74020530,546444,1,Google Pay,1,157.55
47253253,196999,1,Bank Transfer,1,4405.63
93468691,718838,1,Apple Pay,1,9088.67
67666043,828333,1,Mastercard,1,1917.52
59606679,693659,1,PayPal,1,7844.5
77840880,122533,1,Bank Transfer,1,297.11
33161418,260940,1,Klarna,6,966.95
34826183,523878,1,Mastercard,1,3719.31
56142876,365724,1,Visa,1,3538.64
37463593,939752,1,Klarna,6,3899.21
17830674,810132,1,Apple Pay,1,6594.61
35291019,257026,1,Visa,1,882.71
83891119,921764,1,Bank Transfer,1,4231.32
48028439,287347,1,Mastercard,1,1982.47
71265468,672307,1,Klarna,12,362.96
71071322,907585,1,Mastercard,1,7240.97
83624312,919214,1,Apple Pay,1,2788.71
97928502,376039,1,Mastercard,1,2945.22
54055614,879250,1,Apple Pay,1,1529.18
53915496,371781,1,Visa,1,2874.33
57309922,453255,1,Bank Transfer,1,3830.99
76541103,635684,1,PayPal,1,1892.16
19263831,340510,1,PayPal,1,7514.79
62652491,310613,1,Apple Pay,1,595.26
79291716,485460,1,PayPal,1,485.49
33115026,751296,1,Klarna,6,8911.07
77737827,479082,1,Google Pay,1,142.83
44501649,571671,1,Apple Pay,1,5408.22
32959350,702300,1,Apple Pay,1,113.39
25441558,629073,1,Visa,1,6321.42
53384781,101225,1,Klarna,12,850.37
78499094,951580,1,Bank Transfer,1,230.13
95408927,956144,1,iDEAL,1,617.33
43276292,654219,1,Apple Pay,1,2248.91
89444890,380510,1,Klarna,12,4739.83
18657276,986650,1,Bank Transfer,1,1422.41
60522057,400807,1,Bank Transfer,1,3930.99
76265300,187239,1,Klarna,1,1845.46
13530100,623775,1,Klarna,1,6420.4
85516418,894331,1,Mastercard,1,378.71
77917739,641435,1,Bank Transfer,1,2943.24
26405710,440907,1,iDEAL,1,5644.56
19283114,580264,1,Klarna,12,4087.6
94547167,629071,1,iDEAL,1,31.06
28747059,744854,1,Google Pay,1,2253.82
71660856,107360,1,iDEAL,1,200.18
18793816,267481,1,Mastercard,1,4641.66
54638225,308520,1,Google Pay,1,630.06
37109225,965123,1,Mastercard,1,1441.61
11151367,602541,1,PayPal,1,7706.64
98542604,271113,1,iDEAL,1,1226.87
25407711,959137,1,Klarna,12,202.31
16999912,865155,1,Google Pay,1,1353.4
85511712,147554,1,Apple Pay,1,1745.79
89840916,838485,1,Apple Pay,1,2641.04
29870815,211363,1,Klarna,12,5000.85
49185226,516656,1,Mastercard,1,1260.6
75464954,607835,1,Visa,1,61.66
73099396,448908,1,iDEAL,1,5489.23
61200673,422114,1,Visa,1,6750.89
78487495,922966,1,Google Pay,1,705.87
74484373,126778,1,Google Pay,1,7777.16
76335162,337605,1,Mastercard,1,2148.27
98106254,285599,1,Mastercard,1,526.12
75209653,996202,1,Mastercard,1,4351.87
93232059,301706,1,Mastercard,1,2733.57
26885311,390848,1,Google Pay,1,8113.81
63466865,808290,1,Bank Transfer,1,2515.64
34627477,994390,1,iDEAL,1,1859.67
58357563,930766,1,iDEAL,1,1780.56
29320754,316696,1,PayPal,1,2085.64
95189461,158802,1,Klarna,6,4524.15
18116282,108031,1,Google Pay,1,2577.87
57949859,599800,1,Apple Pay,1,3610.49
73422622,301641,1,Apple Pay,1,3272.68
19637408,434347,1,PayPal,1,9477.87
24525389,379173,1,iDEAL,1,466.84
87870526,371227,1,Bank Transfer,1,8131.9
82779863,468946,1,Google Pay,1,2581.6
43096173,375246,1,Google Pay,1,2123.37
93854207,698003,1,Apple Pay,1,931.52
68904120,811838,1,Mastercard,1,7501.12
91738071,388561,1,Bank Transfer,1,1682.71
14865856,144934,1,PayPal,1,1861.83
12908543,103508,1,Mastercard,1,936.39
35140546,290120,1,iDEAL,1,392.89
75695190,227101,1,Klarna,12,427.59
57679195,838546,1,Visa,1,5914.25
49798398,963133,1,Bank Transfer,1,545.7
10434254,526402,1,PayPal,1,6981.02
66794112,617549,1,Visa,1,8530.29
68406887,760936,1,PayPal,1,1089.52
55606314,246320,1,Mastercard,1,1092.47
84214936,488790,1,Klarna,12,230.77
66768167,656092,1,Bank Transfer,1,10575.73
99838395,131101,1,Apple Pay,1,4774.76
28864390,524731,1,Mastercard,1,657.78
52067559,949323,1,Visa,1,7930.26
82896611,277244,1,iDEAL,1,1529.71
79014011,661018,1,Klarna,1,1182.94
32150818,842974,1,Mastercard,1,840.69
50555499,301902,1,Klarna,1,5135.51
67366237,673364,1,Bank Transfer,1,934.33
24930615,798879,1,PayPal,1,4387.34
77739679,934161,1,iDEAL,1,169.86
26407850,309591,1,Visa,1,2483.77
82742801,166022,1,Klarna,3,6204.56
36796844,635688,1,Google Pay,1,706.47
96376692,726585,1,Klarna,12,6106.61
66828236,236061,1,Google Pay,1,6837.37
37534184,802713,1,PayPal,1,3159.88
45430161,927649,1,Apple Pay,1,3328.72
14227028,863392,1,Google Pay,1,2378.04
13105623,200179,1,Visa,1,722.18
81812940,210655,1,Visa,1,319.06
57889500,815412,1,Bank Transfer,1,1198.65
54822223,256492,1,Visa,1,3429.86
55177650,907458,1,Apple Pay,1,209.68
89064262,691114,1,Apple Pay,1,5179.57
70284737,402478,1,PayPal,1,1710.66
62022707,656840,1,Klarna,12,376.44
20677268,109339,1,Google Pay,1,1573.97
85047079,621506,1,iDEAL,1,2119.69
82738494,689724,1,iDEAL,1,2677.91
99282900,584971,1,Klarna,6,3919.93
62337752,442683,1,Klarna,12,98.89
87181758,627446,1,Mastercard,1,2294.26
58734053,436289,1,iDEAL,1,7978.73
29506502,181189,1,Apple Pay,1,3291.28
53537243,192434,1,Bank Transfer,1,6024.12
57703067,123516,1,Google Pay,1,4032.37
81076992,511028,1,Bank Transfer,1,2383.0
78246496,800322,1,Bank Transfer,1,712.36
36776398,424494,1,Mastercard,1,8351.14
80194623,275968,1,Visa,1,3406.04
48923663,187003,1,Apple Pay,1,3401.59
52453429,688545,1,Visa,1,2245.38
27001273,271293,1,Mastercard,1,48.91
30476814,353343,1,Apple Pay,1,2640.19
91724182,236904,1,iDEAL,1,2483.06
98823407,690855,1,Apple Pay,1,4215.11
69754816,570021,1,Klarna,12,1730.07
20926593,511161,1,Visa,1,1144.04
92332221,239584,1,Apple Pay,1,3753.03
39305417,531185,1,Bank Transfer,1,186.99
21325592,888261,1,Klarna,6,4526.0
40908878,436761,1,PayPal,1,1231.13
31757446,958693,1,iDEAL,1,1574.41
93727015,339387,1,Klarna,1,125.26
77748738,518380,1,PayPal,1,8943.66
17477167,229937,1,Google Pay,1,2351.79
35395012,212774,1,PayPal,1,368.32
99022876,381371,1,Klarna,6,1183.09
31890680,888217,1,Google Pay,1,5142.67
26993331,838831,1,Apple Pay,1,235.91
65769660,813192,1,Apple Pay,1,4024.57
33951789,588327,1,Bank Transfer,1,46.96
42472398,961097,1,Apple Pay,1,2582.52
18835695,401206,1,Bank Transfer,1,5228.82
19421078,499666,1,iDEAL,1,3649.42
19427480,379402,1,Mastercard,1,867.44
49091767,978215,1,Mastercard,1,981.04
25726617,219234,1,Visa,1,8305.17
69378300,255963,1,iDEAL,1,1099.1
62136162,294286,1,Visa,1,6346.7
89393951,308649,1,Bank Transfer,1,32.49
50554254,434136,1,Google Pay,1,1563.23
67508318,902035,1,PayPal,1,6405.45
15803784,733034,1,Apple Pay,1,2359.75
92226764,702086,1,Klarna,12,546.18
14515138,948419,1,Klarna,6,427.35
38391375,538314,1,Visa,1,4230.43
45865668,383743,1,Mastercard,1,99.86
16816771,622159,1,Visa,1,2866.73
29618884,870911,1,Google Pay,1,7139.64
53826965,727057,1,Bank Transfer,1,2170.0
18385642,515320,1,PayPal,1,382.03
56746671,109224,1,Klarna,3,4303.72
55302564,934683,1,Klarna,3,1094.8
60758868,524808,1,PayPal,1,1018.74
97692312,250863,1,Apple Pay,1,6946.63
93721917,759726,1,PayPal,1,74.08
93181622,233251,1,Apple Pay,1,882.13
91138829,592291,1,Mastercard,1,2891.46
28726594,841845,1,Klarna,12,2476.57
97943021,713894,1,Klarna,3,4250.74
29345748,125471,1,Apple Pay,1,960.22
29765507,931694,1,Klarna,3,4033.57
78808811,886402,1,Bank Transfer,1,947.78
78025147,192632,1,Bank Transfer,1,236.74
83532107,642569,1,Google Pay,1,6404.66
53238351,610430,1,iDEAL,1,106.96
79015116,171240,1,Klarna,6,3208.34
99609134,490044,1,Bank Transfer,1,4497.16
44516325,562527,1,Klarna,6,2113.67
61373208,593466,1,Google Pay,1,45.85
53142775,690322,1,iDEAL,1,937.67
82008151,144297,1,Google Pay,1,3397.21
14357408,885340,1,PayPal,1,2799.14
93714825,573706,1,Visa,1,147.57
66407083,602772,1,Visa,1,670.16
67656393,237613,1,Klarna,12,5570.16
23217360,536466,1,Visa,1,13209.67
63972766,854628,1,Google Pay,1,952.25
23294759,958707,1,Mastercard,1,4829.01
78193962,819588,1,PayPal,1,2299.09
91864022,144957,1,iDEAL,1,6864.29
92825682,869844,1,Visa,1,5943.73
76889815,712015,1,Bank Transfer,1,1495.79
77130296,462918,1,Klarna,3,1162.2
56295420,914314,1,Apple Pay,1,1521.52
42103488,511056,1,Bank Transfer,1,3254.72
77253159,902028,1,Apple Pay,1,2754.06
33539873,347362,1,Apple Pay,1,4760.82
81473797,969577,1,Google Pay,1,761.09
23752421,270749,1,Bank Transfer,1,803.27
33779559,409658,1,Mastercard,1,2469.61
78511996,156293,1,PayPal,1,910.77
85022614,922392,1,PayPal,1,3879.33
40117856,575577,1,iDEAL,1,2357.11
52705781,405983,1,iDEAL,1,3863.66
15264688,535590,1,iDEAL,1,2588.05
43169859,973450,1,Apple Pay,1,406.94
93024395,260871,1,iDEAL,1,3193.34
17302482,352793,1,Apple Pay,1,1662.72
84383057,713289,1,Mastercard,1,778.97
68347385,186355,1,Mastercard,1,3133.55
99713755,106713,1,Apple Pay,1,2973.97
31383305,771997,1,Visa,1,2093.37
71729911,532394,1,Google Pay,1,1761.52
35390342,871828,1,PayPal,1,5725.15
96067573,584319,1,PayPal,1,4112.17
11489362,768612,1,Mastercard,1,468.1
24296386,815257,1,Google Pay,1,3947.04
67293474,306636,1,iDEAL,1,5077.74
14141346,925198,1,Bank Transfer,1,5006.06
82397295,502556,1,PayPal,1,4109.83
66074436,128669,1,PayPal,1,4524.43
14417715,745673,1,PayPal,1,3058.8
63770815,437846,1,iDEAL,1,1455.21
31460289,613123,1,Klarna,1,2490.29
71751068,835715,1,Bank Transfer,1,2257.5
51502427,910722,1,Apple Pay,1,1404.51
30777728,552272,1,Google Pay,1,278.51
55936816,285215,1,iDEAL,1,1368.34
36986372,983415,1,iDEAL,1,4718.27
29290917,628154,1,Visa,1,6830.89
23364308,556080,1,iDEAL,1,4385.68
65660905,345627,1,Mastercard,1,5459.55
26603791,679224,1,iDEAL,1,5050.17
71953349,284419,1,PayPal,1,2228.54
43664516,631988,1,Apple Pay,1,32.06
33856683,105477,1,Mastercard,1,936.97
66343171,947718,1,iDEAL,1,102.24
37329840,166113,1,Google Pay,1,3393.85
83633724,764339,1,Klarna,3,3693.06
38133555,921354,1,Bank Transfer,1,7917.41
31176452,972801,1,iDEAL,1,3656.28
92661051,224166,1,Mastercard,1,1915.28
20182120,560730,1,Klarna,3,2278.53
46730503,727900,1,PayPal,1,1849.46
78594481,296102,1,iDEAL,1,3437.36
76816961,634719,1,Mastercard,1,4656.67
98758015,557187,1,iDEAL,1,5214.74
51352633,603296,1,Klarna,12,4833.68
24854219,944916,1,Visa,1,249.21
25349357,926138,1,Apple Pay,1,835.94
60831950,523784,1,Google Pay,1,3554.06
46861687,508055,1,Bank Transfer,1,1593.17
33385389,344404,1,PayPal,1,3161.23
32454215,135436,1,Klarna,12,702.18
41067042,261317,1,Mastercard,1,1481.92
73606324,392058,1,PayPal,1,1682.6
31380130,775274,1,Apple Pay,1,4904.11
30743672,244131,1,PayPal,1,4204.92
40009518,681664,1,iDEAL,1,1132.08
52809112,639815,1,iDEAL,1,2829.6
75429839,136534,1,Visa,1,1992.75
30297657,659230,1,Visa,1,1683.18
52563345,426010,1,PayPal,1,89.66
64190540,301280,1,iDEAL,1,2920.97
62361248,945587,1,iDEAL,1,4379.81
68694885,932261,1,PayPal,1,3184.83
93910929,818367,1,Mastercard,1,5090.68
32393264,159759,1,Visa,1,100.44
51071447,149913,1,iDEAL,1,1315.29
37962248,646462,1,iDEAL,1,7942.16
24229127,124111,1,iDEAL,1,1586.43
60793760,548045,1,iDEAL,1,3193.4
22672164,314755,1,Google Pay,1,7313.22
34918239,735942,1,PayPal,1,886.71
93555977,793351,1,Mastercard,1,6302.01
19014632,244427,1,Visa,1,2183.51
53415181,460783,1,Bank Transfer,1,440.45
88672272,196360,1,Mastercard,1,4766.43
91923550,144860,1,iDEAL,1,4784.86
51110682,591675,1,Google Pay,1,1549.14
44092771,368572,1,Klarna,1,2377.59
65736054,281350,1,Visa,1,806.56
35299720,591227,1,Klarna,1,3984.87
84416013,934715,1,Apple Pay,1,2907.02
92326172,838955,1,Google Pay,1,57.3
46079708,925220,1,Apple Pay,1,6254.91
25893044,827496,1,Apple Pay,1,2602.57
71394691,293713,1,Klarna,12,9650.04
41447556,697094,1,Apple Pay,1,6691.43
19317630,903893,1,Mastercard,1,2989.18
60156582,273902,1,Klarna,12,4241.88
54014971,500766,1,Visa,1,1029.92
94206043,625181,1,Mastercard,1,374.07
31374101,755737,1,Bank Transfer,1,111.78
84341800,120049,1,Visa,1,3066.31
17254065,769317,1,Mastercard,1,573.22
31597490,386948,1,Bank Transfer,1,4903.31
35882589,330309,1,Google Pay,1,50.01
90128415,675659,1,Klarna,12,1687.88
65490780,947219,1,Mastercard,1,3413.89
58391520,613736,1,Apple Pay,1,2694.67
78095592,883207,1,Bank Transfer,1,1772.23
58388965,107789,1,Klarna,3,1001.41
68513868,908347,1,Google Pay,1,7554.77
99756409,225385,1,PayPal,1,1866.68
80345924,722410,1,Klarna,12,2237.64
27730623,920934,1,Klarna,6,4453.06
46112909,650034,1,PayPal,1,1165.65
95203655,147024,1,PayPal,1,2204.49
97580561,774932,1,Mastercard,1,6809.63
98444231,376825,1,Mastercard,1,442.41
48703184,225576,1,Google Pay,1,1268.8
93372693,919516,1,Apple Pay,1,1473.91
27094163,863646,1,Visa,1,2027.92
33300827,710710,1,Klarna,6,3832.31
41960913,272579,1,Apple Pay,1,2412.79
21444647,290981,1,Klarna,6,3430.13
15565741,517000,1,Klarna,3,2680.28
41124137,487686,1,Klarna,3,1098.05
74665987,311161,1,PayPal,1,7484.36
93973786,295822,1,Mastercard,1,4027.3
53823964,767562,1,Apple Pay,1,183.3
97214539,452878,1,Bank Transfer,1,1290.78
50451284,642384,1,Apple Pay,1,1831.63
22438513,300224,1,Visa,1,1176.48
81202733,309031,1,Apple Pay,1,3994.97
99052567,540898,1,Google Pay,1,4812.77
94254367,298037,1,Visa,1,4200.38
59712981,985642,1,Klarna,12,2212.86
19821041,325457,1,Mastercard,1,3411.99
18498231,742146,1,Klarna,6,3331.99
95139077,832484,1,Mastercard,1,245.86
90358850,253456,1,Apple Pay,1,2937.21
47199665,546661,1,Mastercard,1,113.93
41724189,597331,1,iDEAL,1,3286.88
39027652,457580,1,PayPal,1,1143.06
76817576,884874,1,iDEAL,1,950.35
43014262,196081,1,Klarna,3,2036.91
99332657,359832,1,Mastercard,1,1699.14
90840082,831833,1,Bank Transfer,1,1548.24
12778229,390853,1,iDEAL,1,954.28
51100716,565479,1,Google Pay,1,752.05
58250562,461738,1,Visa,1,911.05
76084383,104898,1,iDEAL,1,599.28
97664417,115142,1,Visa,1,1339.67
97548321,219982,1,Klarna,12,3194.94
96267085,134215,1,Apple Pay,1,2581.01
19985467,885818,1,Bank Transfer,1,3070.44
76661831,431352,1,Bank Transfer,1,3224.43
84501669,979364,1,iDEAL,1,7749.12
36722745,252909,1,Apple Pay,1,1475.32
76245421,292437,1,Klarna,1,1692.19
77597268,567774,1,Google Pay,1,4183.54
39462078,332766,1,iDEAL,1,3650.91
86917548,483399,1,Visa,1,2964.31
18276474,920501,1,Klarna,12,3849.68
64376938,140737,1,Mastercard,1,5959.11
11202204,103671,1,iDEAL,1,3716.25
99856516,845990,1,Klarna,12,3742.25
42574408,381541,1,Bank Transfer,1,3620.68
71670112,371335,1,Visa,1,3197.01
94366049,206262,1,PayPal,1,3300.56
27806558,360772,1,Google Pay,1,82.27
61185847,419568,1,Klarna,12,4346.98
98741750,740172,1,Bank Transfer,1,993.22
53077004,121965,1,Google Pay,1,4343.25
94907438,530020,1,Mastercard,1,83.83
50825632,114844,1,Visa,1,3141.54
48813014,975064,1,PayPal,1,1573.31
74934183,404998,1,Bank Transfer,1,1751.05
87329234,548150,1,PayPal,1,5454.12
78611801,997870,1,Google Pay,1,44.48
20491305,701305,1,Bank Transfer,1,3618.53
96704411,314545,1,iDEAL,1,199.35
38872049,794804,1,Visa,1,2578.87
84731895,941882,1,iDEAL,1,3674.93
22659318,685015,1,Visa,1,3655.05
14650629,497758,1,Visa,1,1361.25
39733594,688326,1,PayPal,1,1432.2
87631423,779961,1,Apple Pay,1,1587.84
48339437,333245,1,Mastercard,1,3477.25
85553806,626829,1,Visa,1,1209.48
68799005,994209,1,Mastercard,1,923.42
16466552,578531,1,Google Pay,1,6545.02
70007402,703473,1,iDEAL,1,3168.33
97504925,945552,1,Apple Pay,1,884.11
37933891,593769,1,Klarna,6,3515.95
83529469,159441,1,Bank Transfer,1,1270.18
44761756,462131,1,Mastercard,1,1452.71
12279206,735540,1,iDEAL,1,9005.24
68171735,621049,1,Apple Pay,1,1972.93
99952662,115199,1,Bank Transfer,1,1145.45
46718915,245764,1,Visa,1,92.95
46536152,349718,1,Bank Transfer,1,2211.01
43847351,911020,1,iDEAL,1,183.23
97651259,380801,1,Mastercard,1,5512.77
30523491,500493,1,Bank Transfer,1,96.53
24942284,910478,1,Visa,1,2534.04
16151495,561818,1,iDEAL,1,2810.38
12375254,957581,1,Apple Pay,1,3579.81
25903412,702567,1,Google Pay,1,4993.21
54287747,633025,1,Klarna,3,1642.97
66979255,306459,1,Bank Transfer,1,5478.2
14135538,238688,1,iDEAL,1,64.73
99298151,516328,1,Google Pay,1,1902.7
56017210,368975,1,Visa,1,612.89
16401534,456616,1,Klarna,1,930.35
69822637,170651,1,Mastercard,1,2504.59
11809535,663475,1,Visa,1,1708.88
68507251,139712,1,Bank Transfer,1,851.52
13433132,274810,1,Apple Pay,1,43.25
59315125,542794,1,Apple Pay,1,1181.92
84474380,322219,1,Google Pay,1,7023.17
69445124,166632,1,Mastercard,1,2226.93
56851682,706344,1,Mastercard,1,94.78
70054057,392654,1,Bank Transfer,1,6571.89
80120046,184348,1,iDEAL,1,1852.92
74487687,944390,1,iDEAL,1,4310.54
32519182,740951,1,Klarna,3,1068.78
37972760,340710,1,Klarna,6,7676.08
64167786,885298,1,Google Pay,1,43.79
42383860,155655,1,iDEAL,1,2403.35
30023320,680106,1,Apple Pay,1,4562.5
51918446,557526,1,Google Pay,1,542.95
88700993,464469,1,PayPal,1,115.15
86254253,405435,1,Visa,1,731.39
86683329,766657,1,Google Pay,1,4190.43
92822679,576510,1,Apple Pay,1,2709.07
58554496,700483,1,Klarna,6,5483.73
77718263,756127,1,Klarna,1,4343.21
62555161,988612,1,Google Pay,1,5005.27
14866165,961067,1,iDEAL,1,563.39
26973491,956445,1,iDEAL,1,1279.53
64796382,169902,1,Mastercard,1,948.4
99912755,117135,1,Apple Pay,1,3378.31
10011606,414098,1,Google Pay,1,1004.3
22967489,423520,1,Bank Transfer,1,5144.79
90350721,829051,1,Bank Transfer,1,6827.21
43010425,914532,1,Klarna,12,197.72
20231886,236551,1,Apple Pay,1,101.12
42595394,664494,1,iDEAL,1,165.85
22660743,460615,1,Visa,1,9277.64
98436036,522655,1,iDEAL,1,3922.44
12200590,907004,1,Bank Transfer,1,1846.68
39817656,124987,1,Mastercard,1,2977.37
73637587,887369,1,Bank Transfer,1,216.07
24835762,724694,1,Klarna,6,1828.17
54634846,981691,1,Klarna,6,934.19
73934370,363570,1,iDEAL,1,783.14
44566297,928775,1,Google Pay,1,7697.78
37396267,760818,1,iDEAL,1,409.61
72618842,330594,1,iDEAL,1,8393.11
48553396,882597,1,Google Pay,1,988.69
21724001,911302,1,Mastercard,1,7835.86
38363197,739722,1,Google Pay,1,87.8
48882490,801786,1,Visa,1,1079.6
34819815,632049,1,Visa,1,2440.82
84481661,427662,1,Visa,1,1455.49
53037940,745153,1,Mastercard,1,4209.79
35136326,932454,1,PayPal,1,765.5
72073033,807236,1,Google Pay,1,99.67
47238138,653753,1,Visa,1,730.55
32314868,839253,1,Klarna,1,983.78
32329606,393550,1,Bank Transfer,1,958.29
14681665,763824,1,PayPal,1,1746.58
35889599,663072,1,Klarna,3,5050.69
89717321,178855,1,Mastercard,1,2949.01
60518522,960395,1,Klarna,3,1430.23
51912075,508865,1,Visa,1,2537.17
16073882,833147,1,Google Pay,1,4894.48
55854740,209120,1,Klarna,3,5459.8
51395672,889087,1,Apple Pay,1,5491.69
68875958,727196,1,Apple Pay,1,731.28
96644087,816977,1,iDEAL,1,4151.4
35836027,890788,1,iDEAL,1,2810.07
50443634,172017,1,Visa,1,613.83
66947324,807569,1,PayPal,1,4158.66
80491925,391749,1,Google Pay,1,1608.7
40881522,460498,1,Bank Transfer,1,4816.39
11658718,418885,1,Visa,1,2540.94
56729471,376002,1,Visa,1,720.53
38219560,268444,1,Bank Transfer,1,2573.86
79368578,722119,1,Bank Transfer,1,5545.64
79061648,314445,1,Visa,1,2034.39
39249840,712424,1,Google Pay,1,3435.22
81029999,288765,1,Bank Transfer,1,7545.85
62867512,730821,1,Bank Transfer,1,5396.42
40266885,472375,1,Mastercard,1,926.64
47587456,491190,1,Visa,1,2829.38
84468692,953034,1,Klarna,3,4252.76
68813333,849044,1,Klarna,1,3520.81
97982708,555197,1,Visa,1,4549.27
36114140,409064,1,PayPal,1,31.23
53861515,458695,1,Apple Pay,1,1858.74
38062078,934075,1,Klarna,1,1796.68
13614257,410786,1,Google Pay,1,2934.51
74733092,914960,1,Visa,1,3358.02
72400779,763491,1,Apple Pay,1,45.68
50618123,906094,1,Google Pay,1,4618.02
59850495,479090,1,PayPal,1,2303.17
22117865,607915,1,Google Pay,1,151.99
72065691,336597,1,PayPal,1,83.58
31538545,653507,1,Visa,1,45.24
71685440,263582,1,PayPal,1,82.25
49369822,776501,1,PayPal,1,1300.24
82613861,300187,1,Klarna,12,6956.8
34831002,815445,1,Visa,1,252.52
16678121,524445,1,Apple Pay,1,7950.79
60153166,648519,1,Apple Pay,1,72.24
96202456,382805,1,Mastercard,1,161.96
13393543,858644,1,iDEAL,1,3089.45
83257393,650021,1,Bank Transfer,1,1609.98
37888984,548647,1,Apple Pay,1,1909.22
76809919,315485,1,iDEAL,1,38.42
77396673,823980,1,Klarna,1,1388.15
91092991,580430,1,Apple Pay,1,1677.02
82917369,951502,1,Apple Pay,1,6600.94
54366372,151895,1,Mastercard,1,59.66
43892865,449652,1,iDEAL,1,4492.76
60330927,685270,1,iDEAL,1,3370.62
43918261,351736,1,Apple Pay,1,5034.79
62635841,391430,1,Google Pay,1,6559.46
41489504,853580,1,Bank Transfer,1,2150.85
13568345,905430,1,Google Pay,1,6005.96
98452242,289049,1,Visa,1,1880.35
33633088,397501,1,iDEAL,1,97.3
11693634,793904,1,iDEAL,1,3087.7
85655243,747101,1,PayPal,1,1002.33
25678342,250316,1,Bank Transfer,1,762.01
74761031,830454,1,Bank Transfer,1,171.41
37952531,416450,1,Bank Transfer,1,1867.03
71074667,451478,1,Klarna,12,3217.28
10066519,185160,1,Klarna,6,1262.47
62783258,349903,1,Klarna,3,62.19
11904994,221574,1,PayPal,1,1909.5
85186329,665127,1,iDEAL,1,1722.86
79948044,784103,1,Google Pay,1,2410.01
86793080,528552,1,PayPal,1,7024.28
13329011,657413,1,iDEAL,1,6454.39
93900991,155731,1,Bank Transfer,1,705.27
95910467,867416,1,Visa,1,1670.84
10471234,526928,1,Apple Pay,1,233.27
90954107,904143,1,Bank Transfer,1,4318.91
74084183,417650,1,Mastercard,1,1067.81
62412678,319031,1,Apple Pay,1,4409.34
10295413,825273,1,Visa,1,3617.9
62333662,853138,1,PayPal,1,6784.7
46189395,384279,1,Visa,1,260.49
93301655,569435,1,Mastercard,1,2530.09
37162076,350406,1,Mastercard,1,864.3
61765542,606521,1,Apple Pay,1,3778.19
38484250,616032,1,Klarna,6,5175.81
84516271,990878,1,iDEAL,1,1528.53
40368666,785118,1,Visa,1,5707.91
64097390,348274,1,Apple Pay,1,2155.87
86661435,994626,1,Apple Pay,1,704.04
86543512,538026,1,iDEAL,1,1417.64
67202403,886493,1,Visa,1,1498.8
78291132,288114,1,Mastercard,1,1056.46
66926636,329130,1,Bank Transfer,1,3007.44
78108704,733790,1,Mastercard,1,91.59
86841078,135008,1,Google Pay,1,971.59
97395097,912813,1,Bank Transfer,1,2214.83
60368046,855759,1,iDEAL,1,1347.82
92037978,108901,1,Mastercard,1,923.09
56342237,731602,1,Mastercard,1,1532.59
84495653,667656,1,Google Pay,1,2871.6
50131272,251692,1,Visa,1,1718.19
63408999,585928,1,Bank Transfer,1,60.98
44784059,440602,1,Mastercard,1,1487.36
88890204,420487,1,iDEAL,1,2140.5
50390393,439956,1,Bank Transfer,1,1006.0
51732677,233627,1,Klarna,1,4485.18
28047076,503217,1,iDEAL,1,2795.4
85205594,944205,1,Klarna,3,1595.51
53853977,834592,1,PayPal,1,6512.09
17401120,534045,1,Klarna,1,4737.8
80404679,971635,1,Apple Pay,1,1656.83
73785354,411696,1,iDEAL,1,4516.53
19258226,650212,1,PayPal,1,1002.4
99693750,176169,1,Visa,1,71.74
75064998,881569,1,PayPal,1,884.43
73098582,563156,1,PayPal,1,2132.78
52790088,341616,1,Apple Pay,1,2530.09
37324159,233533,1,Bank Transfer,1,6037.6
87152673,920176,1,Bank Transfer,1,1717.39
21935923,459662,1,iDEAL,1,451.87
41723645,478395,1,PayPal,1,2844.43
74721511,639231,1,PayPal,1,3091.26
67958131,788863,1,iDEAL,1,2173.42
77101261,894411,1,Mastercard,1,1613.49
17407351,992656,1,PayPal,1,3057.57
55062515,216901,1,PayPal,1,4672.73
85082272,721983,1,PayPal,1,458.83
10054569,927666,1,Bank Transfer,1,3757.51
11562043,990063,1,iDEAL,1,153.46
25967455,800694,1,Klarna,1,10560.96
45607738,354940,1,Mastercard,1,369.21
51415171,218202,1,iDEAL,1,979.52
10148617,262846,1,Google Pay,1,1655.9
62881468,996987,1,Bank Transfer,1,434.57
58892563,527623,1,Klarna,6,2295.79
88259670,842473,1,Google Pay,1,1011.38
71359506,162552,1,Mastercard,1,103.1
91381878,113159,1,Visa,1,2497.95
55125155,344914,1,Klarna,1,1419.5
17530555,246841,1,Klarna,6,6598.88
80896869,530344,1,Klarna,12,7774.67
18556227,462970,1,iDEAL,1,4998.91
67465507,395273,1,Klarna,3,6640.72
18702109,129111,1,Apple Pay,1,3018.26
33302738,959813,1,Apple Pay,1,3599.51
13580484,126986,1,Visa,1,3859.3
41099936,498773,1,Klarna,3,1594.39
99001604,632294,1,Google Pay,1,3843.31
92181249,769657,1,Visa,1,733.8
89243382,818690,1,iDEAL,1,6516.13
39998876,963166,1,Apple Pay,1,3180.04
37247823,528552,1,Klarna,3,209.29
83153237,122868,1,iDEAL,1,3850.03
77118056,667722,1,Mastercard,1,3914.82
13065454,225148,1,Apple Pay,1,1198.78
22913580,658299,1,Google Pay,1,6542.54
52195318,751120,1,Klarna,3,576.55
76060332,221332,1,Bank Transfer,1,1113.4
33147659,141772,1,Klarna,12,6071.26
44856905,952190,1,Apple Pay,1,3037.11
20187602,975310,1,Apple Pay,1,1563.4
17053130,193489,1,Visa,1,3856.82
78232087,897958,1,Google Pay,1,3806.37
72449311,356938,1,iDEAL,1,2492.3
78151060,149814,1,iDEAL,1,2920.29
40406723,734312,1,Google Pay,1,483.75
75254161,392391,1,Google Pay,1,6689.07
38027024,814368,1,Google Pay,1,82.33
81601445,617798,1,Visa,1,5438.45
28718256,135497,1,Klarna,6,1554.98
31821344,347644,1,iDEAL,1,5910.21
46028757,537781,1,iDEAL,1,370.92
11926019,403911,1,Google Pay,1,2387.19
38687325,894845,1,Apple Pay,1,1051.99
88076120,214987,1,iDEAL,1,1671.69
31516395,575152,1,Visa,1,861.13
40537413,273178,1,iDEAL,1,1551.02
76298845,275360,1,Visa,1,3622.76
27915062,165729,1,Mastercard,1,1720.79
77525088,801599,1,Bank Transfer,1,1002.63
35997075,235973,1,Apple Pay,1,172.21
65695043,988831,1,iDEAL,1,2372.02
60149130,331520,1,Mastercard,1,1657.25
85163915,484058,1,Google Pay,1,1005.75
89736675,597672,1,Apple Pay,1,5904.18
48526376,438564,1,Google Pay,1,4288.13
12860547,429000,1,iDEAL,1,88.88
66834315,230487,1,Bank Transfer,1,1835.64
27864020,562942,1,iDEAL,1,2220.97
23023101,558196,1,PayPal,1,464.15
40021079,941210,1,PayPal,1,2742.32
63791893,437864,1,Visa,1,3414.53
48913657,632887,1,Mastercard,1,7987.59
12194153,285737,1,Google Pay,1,3329.07
90025692,385196,1,Google Pay,1,581.71
80110529,150118,1,iDEAL,1,156.55
74353403,181251,1,Visa,1,706.86
29636191,651681,1,Mastercard,1,5830.47
95389441,392277,1,Klarna,6,4453.52
39483296,195325,1,PayPal,1,718.15
20248699,993926,1,Apple Pay,1,949.77
39977874,691878,1,Klarna,3,4641.05
46267004,620720,1,Mastercard,1,2280.11
21624654,804664,1,Mastercard,1,132.5
49095692,209231,1,iDEAL,1,3432.36
86972133,179585,1,iDEAL,1,96.7
89940566,337620,1,Klarna,6,4671.0
65152950,172855,1,Bank Transfer,1,3815.99
49422733,926453,1,Apple Pay,1,475.67
70120853,712955,1,Visa,1,1788.65
97841374,656707,1,Google Pay,1,2726.17
22117152,828216,1,PayPal,1,5321.49
12091665,176888,1,PayPal,1,4455.22
27740998,432620,1,PayPal,1,818.58
70654215,294666,1,PayPal,1,1640.12
68413464,547763,1,Bank Transfer,1,708.58
15691502,207620,1,Bank Transfer,1,1465.34
90411087,855738,1,Apple Pay,1,710.96
98837022,638499,1,iDEAL,1,1422.49
12423998,107946,1,Apple Pay,1,528.59
78879876,252936,1,Mastercard,1,1490.92
33686024,822876,1,Visa,1,1560.22
76184783,293415,1,Klarna,12,217.96
90732779,868714,1,Visa,1,6672.51
88864354,506085,1,Google Pay,1,100.68
72972722,206308,1,Apple Pay,1,4011.55
12149199,316436,1,Visa,1,6493.62
12241897,150092,1,Mastercard,1,7320.27
60561458,839336,1,Klarna,3,1940.21
59867213,614761,1,PayPal,1,928.42
27234626,764607,1,Apple Pay,1,3882.7
61790355,845921,1,Google Pay,1,3231.91
33089840,842496,1,iDEAL,1,2638.94
75686493,768547,1,Mastercard,1,2255.37
40606302,936240,1,iDEAL,1,1812.39
77653870,750767,1,iDEAL,1,3502.4
58960489,491589,1,Google Pay,1,655.83
47063429,440973,1,Bank Transfer,1,1903.39
30299865,183158,1,Klarna,1,2552.42
50558245,969111,1,Bank Transfer,1,733.01
32761989,929716,1,Google Pay,1,750.71
46199774,142020,1,Mastercard,1,4259.81
99190273,565956,1,Mastercard,1,3596.4
70988803,610058,1,iDEAL,1,2466.41
33908396,546942,1,Bank Transfer,1,957.01
54386182,654462,1,Google Pay,1,400.7
46954503,594992,1,Google Pay,1,1370.01
63596026,871941,1,Google Pay,1,765.89
33884668,202190,1,Klarna,3,4288.25
54321867,265169,1,Mastercard,1,1107.76
24520215,856857,1,PayPal,1,2587.77
12494472,668787,1,iDEAL,1,1072.7
88408321,394571,1,Google Pay,1,2271.02
97319836,209913,1,Klarna,1,72.09
32344551,131256,1,Klarna,1,2663.36
92569515,704227,1,Apple Pay,1,2764.3
78982407,731797,1,PayPal,1,788.85
58219684,312648,1,iDEAL,1,2590.8
31052950,290419,1,Visa,1,1108.4
63198203,444471,1,Bank Transfer,1,444.53
88537846,612184,1,Klarna,3,4335.73
37410191,965563,1,Apple Pay,1,89.7
17733067,601309,1,Visa,1,2749.63
68959878,797255,1,Apple Pay,1,1070.85
62753913,372154,1,Apple Pay,1,1771.98
96051929,455865,1,Apple Pay,1,2622.69
11601645,404830,1,Bank Transfer,1,2811.79
30723976,126859,1,Google Pay,1,95.7
12830441,421708,1,Visa,1,67.79
11044310,792277,1,Google Pay,1,404.16
61897516,347127,1,Bank Transfer,1,2049.9
89091134,554264,1,Mastercard,1,4359.23
90053672,367564,1,PayPal,1,6373.56
94827646,857592,1,Apple Pay,1,130.14
80519490,721373,1,Apple Pay,1,2447.48
17828999,256523,1,PayPal,1,950.34
76474828,520317,1,Bank Transfer,1,5076.41
62761478,626319,1,iDEAL,1,9198.96
11729531,504195,1,Klarna,6,2747.06
85020550,268583,1,Mastercard,1,86.83
45269076,426499,1,Google Pay,1,1431.76
81697337,217219,1,Bank Transfer,1,3431.18
15578674,687328,1,Mastercard,1,674.44
69613349,329056,1,PayPal,1,4133.09
25889704,550548,1,Apple Pay,1,1186.65
94150463,633195,1,Visa,1,2628.42
93029639,410750,1,Bank Transfer,1,4878.49
97544854,517675,1,Google Pay,1,36.58
73016942,284853,1,Apple Pay,1,7016.84
44241020,493655,1,iDEAL,1,1865.47
78624204,724754,1,Google Pay,1,4438.78
35121569,538782,1,Klarna,6,1539.77
34912556,626557,1,PayPal,1,1700.84
24367802,618922,1,Mastercard,1,1161.26
36742834,138147,1,Klarna,3,3971.19
89177852,140486,1,PayPal,1,473.86
28606688,559685,1,iDEAL,1,415.9
60147956,466152,1,PayPal,1,817.02
54941489,416593,1,PayPal,1,135.82
99769577,639662,1,Google Pay,1,2038.31
97705964,698039,1,Apple Pay,1,2624.73
81016950,177975,1,Apple Pay,1,4458.09
44453130,730909,1,Bank Transfer,1,917.68
86981251,694762,1,Apple Pay,1,4267.87
71063224,540205,1,PayPal,1,3078.19
77696531,342151,1,Mastercard,1,2181.06
70032299,107722,1,Klarna,3,5633.37
88773648,447521,1,iDEAL,1,5015.03
84117805,296748,1,Klarna,12,3566.95
73226133,798830,1,Klarna,6,7025.13
37465465,947624,1,Visa,1,2661.19
90425201,299305,1,Google Pay,1,400.26
56066487,308699,1,Apple Pay,1,2603.25
94999822,703583,1,Google Pay,1,3410.34
31290744,663147,1,Google Pay,1,2376.57
41449727,223722,1,PayPal,1,1947.52
80298996,364526,1,Bank Transfer,1,2529.37
98230762,406016,1,Mastercard,1,452.35
40960871,171279,1,Klarna,6,2950.08
81989806,320217,1,Google Pay,1,2534.8
91957333,429487,1,iDEAL,1,4371.36
10466786,378971,1,PayPal,1,4382.84
47166047,891504,1,PayPal,1,5524.88
70007875,515654,1,Google Pay,1,4468.64
28680873,991465,1,iDEAL,1,3950.52
68688201,701938,1,iDEAL,1,960.64
58056004,371239,1,iDEAL,1,204.21
94826464,990737,1,Apple Pay,1,603.06
43814593,199069,1,Apple Pay,1,5269.44
44319104,699706,1,Mastercard,1,2252.7
61701200,855757,1,Mastercard,1,1875.14
75318465,211119,1,Mastercard,1,5434.09
50336816,182736,1,Klarna,12,887.49
85759443,146119,1,Google Pay,1,6933.62
88381185,337683,1,Klarna,6,4810.44
83695145,737760,1,Apple Pay,1,503.77
21354842,496651,1,Google Pay,1,2054.51
88548044,682293,1,Mastercard,1,5801.16
25641729,946405,1,Visa,1,37.29
66092890,557420,1,PayPal,1,4995.21
10576479,176151,1,iDEAL,1,1051.27
15599801,140198,1,Google Pay,1,741.53
41392955,351527,1,Mastercard,1,2174.48
62240846,700428,1,iDEAL,1,2289.08
65539826,106486,1,Mastercard,1,82.61
19700708,338876,1,Visa,1,751.51
48265215,942364,1,PayPal,1,2322.69
66869883,106450,1,Google Pay,1,4100.25
79897510,744667,1,Mastercard,1,1186.46
89265562,876148,1,Apple Pay,1,222.18
99130813,353832,1,Visa,1,136.91
62927237,293590,1,Bank Transfer,1,3428.32
74307141,657953,1,Google Pay,1,2039.75
49295061,830579,1,iDEAL,1,3810.37
19167249,808565,1,PayPal,1,148.17
89872289,197136,1,Visa,1,48.61
65091043,763780,1,Bank Transfer,1,764.28
19924321,417833,1,Bank Transfer,1,2750.98
78908703,624862,1,Bank Transfer,1,4588.33
10834123,639580,1,iDEAL,1,7391.14
14290562,938322,1,Klarna,1,5762.94
80046352,992919,1,Mastercard,1,363.35
57494528,359169,1,Klarna,12,2166.03
87610158,134204,1,Google Pay,1,66.97
27127834,217237,1,Klarna,3,5952.54
58829479,230103,1,iDEAL,1,728.72
37553432,667544,1,Bank Transfer,1,1321.44
64575994,664885,1,Bank Transfer,1,1220.95
22272471,790057,1,PayPal,1,2799.49
72315781,342577,1,PayPal,1,4866.33
13872384,939197,1,Klarna,6,6039.91
10591835,765308,1,Mastercard,1,3385.77
57620536,369201,1,Klarna,6,1369.26
68819912,156157,1,Mastercard,1,120.8
53015186,763843,1,Visa,1,3316.51
79260914,890423,1,Visa,1,3932.64
22212138,517439,1,Bank Transfer,1,663.9
76873900,361726,1,Visa,1,4268.43
22495103,372829,1,PayPal,1,6289.05
41494334,975073,1,PayPal,1,91.94
64761982,709795,1,Google Pay,1,4253.08
87521502,284686,1,Bank Transfer,1,4446.78
39376931,350035,1,PayPal,1,2125.91
11029369,738739,1,Klarna,12,254.77
64888918,111631,1,PayPal,1,117.32
24468658,554452,1,Visa,1,3517.0
14262241,911273,1,Klarna,1,721.82
58037438,495960,1,Visa,1,4021.17
63494920,555457,1,Google Pay,1,2817.08
66139201,794995,1,iDEAL,1,2899.97
98662652,526128,1,Google Pay,1,498.92
31444833,319273,1,Google Pay,1,1360.17
29696205,184296,1,Visa,1,7942.36
92168883,456015,1,iDEAL,1,5137.52
67035692,996688,1,Mastercard,1,1218.16
58317631,856231,1,Bank Transfer,1,3447.75
60201072,560577,1,Visa,1,675.29
86738146,491498,1,Mastercard,1,239.46
64995653,212509,1,PayPal,1,4622.82
38897931,538733,1,Bank Transfer,1,2230.33
90405238,475302,1,Google Pay,1,2409.09
39104036,737961,1,Bank Transfer,1,7306.17
63977034,762888,1,iDEAL,1,13879.0
96188897,112125,1,Apple Pay,1,2148.52
11479901,963431,1,iDEAL,1,709.04
17373654,745005,1,Visa,1,3224.38
12918159,558962,1,Apple Pay,1,4537.75
19250241,403304,1,Visa,1,71.96
79269426,511074,1,Google Pay,1,3449.32
60746957,318603,1,Apple Pay,1,2892.08
41723091,716206,1,PayPal,1,2199.24
50128006,126347,1,Visa,1,5048.73
51884097,507521,1,iDEAL,1,374.28
14091144,905894,1,Visa,1,3219.1
21936585,609429,1,Visa,1,204.88
15950616,109211,1,Mastercard,1,2275.23
87332728,696578,1,iDEAL,1,1207.31
13225650,337278,1,Visa,1,1305.69
91780385,112480,1,Bank Transfer,1,695.96
98862228,815865,1,Mastercard,1,1888.91
12226430,173243,1,iDEAL,1,2311.82
69320319,753242,1,PayPal,1,3230.46
53956327,132904,1,Google Pay,1,1635.08
50570530,345177,1,iDEAL,1,5223.67
90033485,497088,1,Bank Transfer,1,114.34
94448917,555424,1,Klarna,3,813.86
33451712,457602,1,Klarna,12,2089.94
63093532,137862,1,Mastercard,1,3253.41
93370476,892674,1,PayPal,1,2907.22
57309023,283789,1,Mastercard,1,1426.98
38529414,524568,1,iDEAL,1,4184.53
38390035,478599,1,iDEAL,1,129.74
95749250,819701,1,Visa,1,6958.04
91583651,158473,1,Mastercard,1,1393.91
33668793,480238,1,Bank Transfer,1,2066.85
40494062,411843,1,Klarna,3,7404.97
88880055,164364,1,iDEAL,1,71.44
64372365,115002,1,iDEAL,1,3027.88
99105158,282237,1,Klarna,3,45.03
38781535,699470,1,Google Pay,1,85.78
77680965,439068,1,Visa,1,1148.1
53291537,954204,1,Google Pay,1,3284.66
29820034,456973,1,Visa,1,2075.67
99751095,717934,1,Bank Transfer,1,2291.03
93459396,963360,1,Bank Transfer,1,1577.55
56759210,247000,1,Google Pay,1,4170.26
68159101,953009,1,Apple Pay,1,8812.61
98675200,664611,1,Klarna,1,3515.98
42858916,539482,1,Visa,1,3487.4
42535690,847960,1,PayPal,1,8678.4
96148574,540156,1,Klarna,12,1939.66
24685925,335387,1,Klarna,6,4040.6
74124575,154328,1,Apple Pay,1,1051.84
11854003,556986,1,Visa,1,2530.28
18270581,728472,1,Apple Pay,1,5950.99
33255966,843002,1,Google Pay,1,964.11
20783010,770887,1,iDEAL,1,2232.24
16796351,647852,1,Visa,1,3886.69
69642772,515871,1,PayPal,1,7485.22
68433256,553207,1,Visa,1,187.74
97828128,719192,1,Bank Transfer,1,427.37
41251019,981736,1,PayPal,1,3155.76
29731133,804375,1,Klarna,6,11990.24
67992303,477230,1,Klarna,12,6010.54
47121316,655995,1,iDEAL,1,4262.31
18234937,140434,1,iDEAL,1,2123.62
58506670,920028,1,Mastercard,1,132.39
57634883,674002,1,PayPal,1,1219.27
31589682,635297,1,Google Pay,1,927.02
60143702,135730,1,Apple Pay,1,479.18
42221495,411687,1,Bank Transfer,1,77.94
19602505,419747,1,Mastercard,1,1710.8
61049306,678963,1,Klarna,3,1256.65
96656659,845343,1,PayPal,1,1451.57
23947235,884366,1,Google Pay,1,450.6
44306901,801692,1,Klarna,12,447.09
60361841,763254,1,iDEAL,1,437.66
76683591,367374,1,iDEAL,1,1267.15
72112600,881334,1,PayPal,1,5747.82
36086096,181260,1,PayPal,1,1998.33
17634813,142843,1,Bank Transfer,1,2880.52
30350051,755502,1,Apple Pay,1,197.06
81880781,199083,1,Apple Pay,1,117.99
95739668,391032,1,Mastercard,1,3793.28
18500411,564463,1,Google Pay,1,3242.54
88434789,142173,1,Google Pay,1,508.63
46478947,522616,1,Bank Transfer,1,1041.69
63653709,492497,1,Bank Transfer,1,67.24
68170293,872358,1,Klarna,12,1784.24
98731276,119800,1,Klarna,12,5389.44
73055265,999725,1,Visa,1,1324.17
77381666,433714,1,PayPal,1,50.25
13694373,770802,1,Bank Transfer,1,1305.83
27920999,740980,1,Google Pay,1,605.33
94996474,998889,1,Apple Pay,1,30.37
27885931,933998,1,Klarna,12,6880.44
56051407,906250,1,Klarna,3,1850.27
10762063,692444,1,Mastercard,1,3458.73
98975965,222007,1,iDEAL,1,1455.69
13221745,267346,1,Visa,1,1097.39
22878626,464980,1,Visa,1,2161.84
17569168,906158,1,Mastercard,1,4521.37
59052959,767448,1,Bank Transfer,1,1832.52
29687598,554182,1,PayPal,1,67.4
64149574,453251,1,Google Pay,1,4342.04
73877721,449903,1,Google Pay,1,1363.26
43732074,147637,1,Klarna,3,6696.83
30373684,887844,1,Mastercard,1,795.58
62750895,598888,1,Klarna,6,255.2
85308559,467740,1,Klarna,6,606.69
61484170,543327,1,Google Pay,1,492.02
92686489,282092,1,Klarna,6,2181.52
18386757,126126,1,PayPal,1,5582.73
55222466,154687,1,Google Pay,1,1722.38
76002142,944422,1,iDEAL,1,2150.69
90115513,364208,1,Visa,1,100.5
89499936,102178,1,Klarna,1,3045.67
83676305,470942,1,Visa,1,3924.61
45238027,255514,1,Mastercard,1,976.65
13084919,651140,1,Bank Transfer,1,893.28
40420856,800898,1,Google Pay,1,2917.98
51246699,717447,1,Visa,1,6487.76
13331688,951582,1,iDEAL,1,1656.74
15843214,539954,1,iDEAL,1,2784.14
57394531,425868,1,Apple Pay,1,1328.09
91978706,935539,1,Mastercard,1,1902.56
61106419,759628,1,Mastercard,1,1403.79
62450059,965080,1,iDEAL,1,5588.74
83107096,390228,1,Bank Transfer,1,97.07
67502797,503389,1,Mastercard,1,10518.45
37863862,363366,1,Visa,1,2032.07
63704758,251268,1,iDEAL,1,5325.69
29669702,306689,1,Google Pay,1,433.85
22253416,194081,1,Mastercard,1,4751.11
83264636,110893,1,iDEAL,1,7785.66
13605813,462998,1,Bank Transfer,1,4278.13
48863617,616411,1,iDEAL,1,2722.87
51423520,577994,1,PayPal,1,1078.56
83766046,717686,1,Bank Transfer,1,9055.7
65025941,415655,1,PayPal,1,203.24
86498344,293149,1,Apple Pay,1,4987.05
16730738,675452,1,Klarna,6,3394.87
53882897,642487,1,Apple Pay,1,3958.85
22205336,451066,1,iDEAL,1,522.65
11619263,270113,1,Klarna,1,3992.78
43595086,356306,1,Mastercard,1,1050.06
77674022,927216,1,Bank Transfer,1,7664.97
20835726,355166,1,Apple Pay,1,151.59
58287042,212990,1,Apple Pay,1,5721.06
60359501,341171,1,Apple Pay,1,113.3
65444508,164785,1,iDEAL,1,388.63
12191690,945301,1,Apple Pay,1,735.03
91802235,111046,1,Visa,1,4375.93
36204233,745076,1,Mastercard,1,2114.66
57572536,258696,1,Google Pay,1,703.42
23431187,852665,1,PayPal,1,63.31
93923464,437869,1,Google Pay,1,5415.1
66027783,863360,1,Mastercard,1,1067.07
18393057,412898,1,Google Pay,1,2105.71
43213097,141202,1,Apple Pay,1,1554.93
52606864,285713,1,PayPal,1,2250.03
49332682,435983,1,Mastercard,1,999.6
44877410,678753,1,Apple Pay,1,806.54
54829234,303496,1,PayPal,1,1251.17
72655999,958679,1,Google Pay,1,2599.09
13006624,643848,1,Google Pay,1,313.5
32199705,196542,1,PayPal,1,425.45
33538006,618582,1,Apple Pay,1,2691.53
99742527,251691,1,Bank Transfer,1,771.04
19964410,811449,1,Mastercard,1,1649.0
78660344,119377,1,Mastercard,1,4784.08
34352497,406158,1,iDEAL,1,751.14
83172894,989875,1,iDEAL,1,1667.89
11165850,314186,1,Mastercard,1,7080.33
13451269,613249,1,Bank Transfer,1,5489.51
41069503,496421,1,Bank Transfer,1,1428.95
67848002,801028,1,Mastercard,1,2814.41
20653175,200619,1,Mastercard,1,5272.3
62033096,184615,1,Mastercard,1,1337.0
76676889,645189,1,Klarna,12,991.2
97123910,979221,1,Mastercard,1,1271.72
12739297,638573,1,Mastercard,1,8154.47
36052137,729135,1,Bank Transfer,1,495.99
93854128,140672,1,iDEAL,1,2291.71
26514643,202090,1,Klarna,1,4161.58
55676037,354324,1,Mastercard,1,2390.63
54931609,964011,1,Klarna,12,7522.16
39526782,579699,1,Google Pay,1,226.95
88942691,364706,1,Klarna,12,5857.01
64768938,287811,1,Google Pay,1,4765.13
41430131,345417,1,Visa,1,166.47
89678032,704861,1,Visa,1,667.9
48533777,762033,1,Google Pay,1,3637.17
10489229,982113,1,Mastercard,1,3761.01
91829875,306621,1,Bank Transfer,1,437.9
45060343,177322,1,iDEAL,1,5046.69
33228347,731380,1,Klarna,3,2887.05
47896183,710120,1,PayPal,1,4248.84
84315627,726274,1,Visa,1,2097.34
87265911,554806,1,Google Pay,1,8256.08
36484484,285234,1,Visa,1,571.74
49403861,570280,1,iDEAL,1,3175.8
41547439,159698,1,Visa,1,675.87
89879648,953651,1,Apple Pay,1,2953.74
98990924,675019,1,Klarna,6,2727.32
38748095,346812,1,Bank Transfer,1,982.53
99907939,678726,1,Mastercard,1,9847.35
52403338,342093,1,PayPal,1,584.4
60484273,166040,1,Klarna,3,4603.99
28163670,200039,1,Mastercard,1,2767.55
54768472,782252,1,Google Pay,1,1571.03
13155702,589630,1,PayPal,1,1115.73
68063674,971695,1,Mastercard,1,75.92
54183874,388985,1,Apple Pay,1,2044.83
65923288,570118,1,PayPal,1,1572.38
26299573,201557,1,iDEAL,1,581.91
75870560,818276,1,Apple Pay,1,45.22
31775962,543550,1,Klarna,1,3236.98
49221298,583668,1,Klarna,12,1464.87
38466652,670361,1,Klarna,3,4082.55
71394821,310378,1,PayPal,1,6443.89
75981655,770621,1,Google Pay,1,1160.3
11435498,313157,1,iDEAL,1,60.11
72794708,872049,1,PayPal,1,1908.95
74398371,280994,1,Google Pay,1,1219.49
60419447,695694,1,iDEAL,1,7160.21
91995783,885159,1,Google Pay,1,3109.15
87979556,539522,1,iDEAL,1,752.67
44020532,774708,1,iDEAL,1,2372.7
39012070,140082,1,Mastercard,1,2186.25
89834488,779300,1,Google Pay,1,5530.3
97206861,982786,1,PayPal,1,8369.46
83139636,755210,1,Google Pay,1,3346.88
54436915,242492,1,Bank Transfer,1,2185.74
58978542,372281,1,Klarna,3,3122.65
31587124,900908,1,Visa,1,6762.03
69592619,103773,1,Apple Pay,1,39.88
95413498,605251,1,Mastercard,1,2567.49
70117502,952301,1,Google Pay,1,5192.74
38933602,195261,1,Bank Transfer,1,4872.31
24395356,146394,1,Klarna,6,1073.36
33663808,909168,1,Google Pay,1,861.37
99948218,639903,1,Apple Pay,1,4214.45
16473353,587727,1,Apple Pay,1,4198.64
84975967,839737,1,Apple Pay,1,4472.44
15925304,636694,1,Google Pay,1,5389.93
91323897,909279,1,PayPal,1,2269.19
14997928,460382,1,iDEAL,1,4852.59
64667551,182022,1,Klarna,12,139.36
85589634,940694,1,Visa,1,5852.83
56357100,145141,1,Klarna,3,917.28
11599387,264055,1,Bank Transfer,1,134.0
43816293,992683,1,Bank Transfer,1,3092.13
97122077,499050,1,PayPal,1,2634.26
76741168,674621,1,Bank Transfer,1,963.68
16033695,231673,1,Visa,1,464.92
52339156,890369,1,Google Pay,1,1777.83
22683478,908829,1,iDEAL,1,1643.74
68927038,373426,1,Bank Transfer,1,3074.14
59293199,303977,1,Visa,1,4007.64
98637723,714799,1,Mastercard,1,3264.01
92181819,380105,1,Visa,1,716.62
45692249,580588,1,Bank Transfer,1,962.27
97817666,680950,1,PayPal,1,2403.63
39775456,415965,1,Visa,1,1766.33
67303059,224069,1,Bank Transfer,1,3210.17
34319173,846994,1,PayPal,1,48.41
36037401,997545,1,PayPal,1,705.14
56042742,557366,1,iDEAL,1,2016.73
45762373,263034,1,iDEAL,1,839.93
61439841,760323,1,iDEAL,1,1385.21
29748483,401170,1,PayPal,1,5589.8
12925380,381938,1,Klarna,6,3468.42
47553734,339602,1,Google Pay,1,187.2
98859966,187677,1,Klarna,3,1902.53
22395474,294106,1,Klarna,12,2868.03
67214951,110256,1,Google Pay,1,1328.6
70144778,702390,1,Apple Pay,1,2864.82
60988639,495769,1,Google Pay,1,988.99
11986318,206317,1,Bank Transfer,1,3634.3
67707503,220377,1,Klarna,6,6123.6
15606124,348636,1,Google Pay,1,2417.24
29965014,990403,1,Klarna,1,1263.13
88217768,253225,1,Apple Pay,1,9458.46
65772126,278539,1,Visa,1,832.94
25834312,925899,1,iDEAL,1,2584.21
80482293,795507,1,Mastercard,1,3692.45
94864792,512576,1,Bank Transfer,1,2646.17
17971134,731021,1,PayPal,1,1425.38
16890262,217444,1,iDEAL,1,4941.79
73729503,274909,1,iDEAL,1,1196.71
81095732,405153,1,Klarna,6,1879.48
37691615,825570,1,Google Pay,1,1413.97
29848244,853998,1,Bank Transfer,1,4140.69
87045893,994985,1,Visa,1,88.8
26850415,360431,1,Google Pay,1,3123.99
22072525,249072,1,Visa,1,6103.67
37073553,723018,1,Klarna,6,2970.44
58637536,696543,1,Mastercard,1,61.13
80462943,636262,1,Google Pay,1,30.72
21020880,512748,1,iDEAL,1,7967.33
15119731,479580,1,Google Pay,1,2619.19
92887579,961584,1,iDEAL,1,1724.83
15850048,126678,1,Klarna,3,6494.18
98764049,402565,1,Apple Pay,1,3852.35
64576959,669022,1,Mastercard,1,880.72
37082264,944060,1,iDEAL,1,5039.06
73294904,116193,1,Google Pay,1,2573.96
39628917,913652,1,Google Pay,1,718.48
43334912,516121,1,iDEAL,1,4984.89
88274843,934085,1,Klarna,3,439.98
93906936,338406,1,Google Pay,1,5076.86
16641022,976759,1,Visa,1,1742.82
15935273,985045,1,Mastercard,1,62.76
21234630,894817,1,iDEAL,1,7726.17
58766495,362707,1,Google Pay,1,4741.86
15261759,400208,1,Mastercard,1,135.87
21071458,830105,1,Mastercard,1,1986.66
30526839,261246,1,PayPal,1,797.04
85573855,445049,1,Klarna,6,2860.28
51514297,835313,1,Google Pay,1,8494.26
85556046,924577,1,Apple Pay,1,2220.87
46730184,253917,1,Mastercard,1,3084.15
92728431,741935,1,Bank Transfer,1,4286.36
84291093,856533,1,Bank Transfer,1,154.64
48515052,117420,1,PayPal,1,2709.66
84302418,393243,1,iDEAL,1,4303.98
26184166,916982,1,Visa,1,1706.79
27416364,249378,1,Google Pay,1,3948.15
70135228,401549,1,Google Pay,1,62.01
26913554,820729,1,PayPal,1,6113.99
92043993,674027,1,Visa,1,1736.04
61269349,269948,1,Google Pay,1,1365.65
99740543,932992,1,Klarna,3,864.77
45743662,421039,1,PayPal,1,7706.68
15852335,609843,1,Bank Transfer,1,4837.39
84179076,650430,1,Bank Transfer,1,923.21
12125267,334891,1,Klarna,1,7698.29
95722127,144888,1,Apple Pay,1,1056.13
90010044,803913,1,Mastercard,1,440.98
42038805,618791,1,PayPal,1,4126.77
51205759,680666,1,iDEAL,1,3944.37
42491991,730938,1,Visa,1,171.66
73855721,675655,1,Klarna,6,3919.93
57077706,887822,1,Mastercard,1,1910.42
48535485,591003,1,Apple Pay,1,2461.49
51300370,641031,1,Mastercard,1,778.4
30470962,763873,1,PayPal,1,2068.32
73628288,745032,1,Visa,1,5089.54
37148170,733369,1,Google Pay,1,1435.91
55709910,423809,1,Mastercard,1,5925.68
17746801,342546,1,PayPal,1,3876.12
97605504,203894,1,PayPal,1,481.1
55767407,818950,1,Bank Transfer,1,2534.91
73858181,549786,1,Visa,1,39.69
21617404,696369,1,iDEAL,1,674.97
35688056,575552,1,Mastercard,1,2992.96
34362669,361495,1,Bank Transfer,1,194.21
88437299,278003,1,PayPal,1,81.23
47221920,308405,1,Mastercard,1,4114.5
52877363,884672,1,Google Pay,1,4252.88
65439404,514090,1,Apple Pay,1,4130.77
66861302,863029,1,Mastercard,1,1573.73
82909609,249655,1,PayPal,1,2511.62
39735994,334034,1,Apple Pay,1,383.17
29418990,609556,1,Google Pay,1,5137.64
22539778,363863,1,Klarna,3,4513.83
31727962,670991,1,Visa,1,2071.86
60149941,424691,1,PayPal,1,7099.62
48350613,669317,1,Mastercard,1,2881.87
27494020,259001,1,Google Pay,1,730.44
72968375,766283,1,PayPal,1,707.58
74144321,556011,1,Mastercard,1,468.75
21295078,684254,1,Mastercard,1,1090.28
20978366,425582,1,PayPal,1,4486.57
54088509,258745,1,Google Pay,1,3510.02
10577735,254757,1,Bank Transfer,1,4671.86
60541386,634870,1,Google Pay,1,5863.06
33414805,137820,1,Klarna,6,563.67
55800841,782881,1,PayPal,1,1132.77
69323436,899071,1,Bank Transfer,1,4014.73
90545415,337875,1,PayPal,1,4348.65
53332300,166813,1,iDEAL,1,4983.89
31213027,311780,1,Visa,1,198.21
45308783,619161,1,Bank Transfer,1,2834.98
18869681,346392,1,Apple Pay,1,3918.72
17780198,880095,1,Google Pay,1,314.06
21124332,811703,1,Bank Transfer,1,1967.92
44714683,531742,1,Mastercard,1,1903.48
34570192,803604,1,Google Pay,1,4157.89
77161758,733750,1,Apple Pay,1,1007.6
51211419,467709,1,Mastercard,1,5360.7
43881309,693921,1,Mastercard,1,1610.39
70959285,709292,1,PayPal,1,1392.63
10135088,219822,1,Klarna,12,93.57
91719058,122357,1,Visa,1,5442.77
12023809,577764,1,Google Pay,1,521.33
38906531,113142,1,Apple Pay,1,2235.59
33823188,996550,1,Visa,1,822.55
13457682,552496,1,Klarna,1,5824.15
99206198,617580,1,iDEAL,1,103.95
22948541,193259,1,Google Pay,1,652.71
35628056,517754,1,PayPal,1,3805.74
78572366,408450,1,iDEAL,1,10008.15
11295077,842632,1,Mastercard,1,4391.99
86192630,915001,1,Bank Transfer,1,96.97
87468122,961623,1,Mastercard,1,3629.41
89262641,446899,1,Visa,1,961.01
38186957,198272,1,iDEAL,1,323.25
35897540,167702,1,Google Pay,1,2667.18
27907417,195757,1,Bank Transfer,1,4831.03
91171429,168023,1,Google Pay,1,2516.72
65638761,419746,1,Apple Pay,1,2232.64
25573302,341495,1,Visa,1,4563.41
27809964,801628,1,Klarna,1,5247.11
55212242,688990,1,Google Pay,1,3825.38
55441662,678491,1,PayPal,1,2927.41
26709127,758000,1,Apple Pay,1,6719.3
56979712,750223,1,PayPal,1,727.33
45419245,449587,1,PayPal,1,888.35
20988795,285689,1,Visa,1,1758.69
28123025,510162,1,Apple Pay,1,1457.08
33181021,859920,1,Apple Pay,1,1044.84
50210562,909516,1,Klarna,6,6219.46
50648542,428345,1,Apple Pay,1,4720.17
70424788,396862,1,Google Pay,1,4085.28
25138197,711081,1,PayPal,1,152.67
65934780,134465,1,Visa,1,764.8
52709018,530770,1,Visa,1,938.34
20492413,117324,1,Mastercard,1,833.35
94853817,766644,1,iDEAL,1,211.49
67876721,728443,1,Mastercard,1,81.83
57232579,399151,1,Klarna,3,3115.77
46240019,197720,1,Visa,1,2103.02
22288980,567322,1,Google Pay,1,1687.91
60784946,593818,1,Klarna,12,4677.66
46839418,258404,1,Google Pay,1,6703.58
50372303,500832,1,Mastercard,1,2919.4
83060128,745403,1,Mastercard,1,4183.07
97908776,396640,1,Mastercard,1,6732.14
73089128,818648,1,Google Pay,1,3025.65
11624677,993474,1,Apple Pay,1,1784.11
55806778,469982,1,Mastercard,1,3523.82
53119312,281794,1,PayPal,1,3162.86
64961147,304304,1,Bank Transfer,1,758.45
35171031,732440,1,Mastercard,1,6195.11
60814758,751622,1,Klarna,1,2222.02
50720180,606713,1,Bank Transfer,1,1852.33
30296466,548855,1,Visa,1,1543.61
75967247,861888,1,Klarna,6,53.87
59003043,201306,1,iDEAL,1,2665.87
71541831,202366,1,Klarna,6,1911.08
78044481,172646,1,Bank Transfer,1,551.91
22688374,224667,1,PayPal,1,62.82
29610039,228157,1,PayPal,1,5154.9
24015280,378556,1,Bank Transfer,1,8058.42
74163534,336053,1,Visa,1,659.36
58062589,522225,1,iDEAL,1,3354.23
46862192,965673,1,Google Pay,1,2940.76
82734185,373012,1,iDEAL,1,4217.34
30155172,620135,1,iDEAL,1,69.24
33666447,760047,1,Google Pay,1,843.58
49403596,686115,1,Klarna,6,1873.17
34511901,453081,1,Mastercard,1,3435.87
84532945,536206,1,PayPal,1,913.0
98658184,327814,1,Google Pay,1,3207.06
66398742,507062,1,Mastercard,1,1329.99
91111732,384223,1,Mastercard,1,6769.5
91473332,784766,1,Apple Pay,1,3018.26
20217453,956510,1,Google Pay,1,6071.66
87724828,303731,1,Mastercard,1,2228.82
39819309,332947,1,PayPal,1,2906.63
34741281,252762,1,Apple Pay,1,5342.89
31645998,759731,1,Bank Transfer,1,736.78
34227481,596737,1,Bank Transfer,1,441.42
63482363,148855,1,PayPal,1,5523.04
37216029,881308,1,PayPal,1,5038.41
26681180,906949,1,PayPal,1,2741.78
18599002,137230,1,Apple Pay,1,2477.35
17260770,774669,1,PayPal,1,7179.85
53348983,160569,1,PayPal,1,63.75
56547776,616600,1,Bank Transfer,1,5069.27
24389682,813679,1,Mastercard,1,3807.68
21793326,619536,1,iDEAL,1,6192.45
21023594,491155,1,PayPal,1,7126.46
73322608,458430,1,Google Pay,1,61.11
83027917,815526,1,Bank Transfer,1,3671.46
14251514,332201,1,Mastercard,1,2320.05
39605755,757368,1,PayPal,1,773.02
34825929,520128,1,Apple Pay,1,314.13
27751239,129027,1,Bank Transfer,1,188.81
57945924,429478,1,Bank Transfer,1,2308.46
75369847,306732,1,Klarna,3,4590.59
87697728,234311,1,Klarna,1,44.87
32229145,278905,1,Visa,1,2672.76
98406981,159614,1,PayPal,1,3782.68
15548673,882241,1,Apple Pay,1,1128.33
48343104,281202,1,iDEAL,1,1541.4
41516565,688996,1,Google Pay,1,1860.18
43229121,895434,1,Apple Pay,1,230.31
23739131,707862,1,PayPal,1,1151.73
59407919,559562,1,Klarna,6,562.26
47745334,114772,1,Google Pay,1,4802.57
29226094,236714,1,iDEAL,1,2749.54
26370415,356551,1,Mastercard,1,289.19
54476435,569949,1,Google Pay,1,3657.36
59682777,197532,1,PayPal,1,1969.7
72873495,332747,1,Klarna,1,7015.56
10259662,984327,1,Bank Transfer,1,42.83
89047785,107260,1,Visa,1,1109.23
20628866,179713,1,Klarna,12,6138.2
72519979,798017,1,Apple Pay,1,3389.45
80514426,983142,1,Klarna,1,2456.1
89590043,367051,1,Visa,1,5207.75
15539927,900391,1,Mastercard,1,2881.98
72053313,174278,1,PayPal,1,1266.37
81661384,639478,1,Google Pay,1,4863.01
49129806,970379,1,Apple Pay,1,6955.9
12770081,994203,1,Mastercard,1,867.38
51976844,284004,1,Google Pay,1,3234.98
17698569,593366,1,Visa,1,946.28
35587500,848179,1,Apple Pay,1,2088.64
84149505,380133,1,Google Pay,1,1273.26
32662341,838642,1,Apple Pay,1,4089.07
56854587,450312,1,Klarna,3,3603.43
19459542,988271,1,Klarna,12,5898.05
73050358,772093,1,Visa,1,4915.04
22123422,363228,1,Mastercard,1,700.64
89629387,582521,1,Klarna,6,769.06
50479193,574840,1,Visa,1,5607.73
60373616,158746,1,Klarna,12,45.71
54160449,212415,1,Google Pay,1,2521.1
78479241,376550,1,iDEAL,1,1630.73
29268333,121715,1,Google Pay,1,5367.9
38051557,848687,1,iDEAL,1,2322.18
68462713,345028,1,iDEAL,1,871.51
89656258,280495,1,Mastercard,1,1720.66
53499074,693841,1,Google Pay,1,2747.82
96209001,508291,1,Mastercard,1,3440.6
72654580,321643,1,Apple Pay,1,1751.53
64545591,141852,1,Bank Transfer,1,5595.81
21137199,165396,1,Google Pay,1,2996.38
10713566,792504,1,Mastercard,1,779.37
43423321,431451,1,Google Pay,1,1274.23
90546094,228269,1,Bank Transfer,1,378.29
62018136,448726,1,Apple Pay,1,549.5
12256713,116191,1,Bank Transfer,1,472.59
64536555,602935,1,Klarna,3,2819.32
94576612,435646,1,PayPal,1,42.3
56319769,805204,1,Google Pay,1,3620.55
56887874,852755,1,PayPal,1,2668.74
30133321,685418,1,Apple Pay,1,3154.83
45614782,417405,1,Mastercard,1,1049.26
83333827,401673,1,Visa,1,1530.13
59012699,241138,1,Google Pay,1,277.97
48113545,768354,1,Bank Transfer,1,7191.99
74022440,644614,1,Bank Transfer,1,3428.79
54847291,628346,1,Mastercard,1,4919.71
48337108,797871,1,PayPal,1,430.27
24867513,823003,1,Bank Transfer,1,10044.7
25388183,343262,1,Mastercard,1,1213.73
67098782,680706,1,Google Pay,1,152.12
47510366,164281,1,Klarna,12,139.32
96283974,305203,1,Klarna,3,1171.21
67049422,754760,1,Visa,1,1640.25
11322398,512112,1,Visa,1,936.43
83662073,280544,1,Bank Transfer,1,1120.75
11957032,546372,1,PayPal,1,65.4
10353925,802864,1,Bank Transfer,1,1630.75
92458986,813328,1,iDEAL,1,6963.3
75583562,246306,1,Bank Transfer,1,3917.31
42032708,507088,1,Klarna,6,2672.1
54335237,554127,1,Visa,1,3020.34
38850228,411794,1,Visa,1,5202.33
42152882,716306,1,Google Pay,1,6008.32
99453631,478543,1,Apple Pay,1,2634.26
55363198,106956,1,PayPal,1,3839.15
50385979,493401,1,Apple Pay,1,5310.1
53677445,509171,1,PayPal,1,4453.16
71163011,983669,1,Apple Pay,1,3015.82
58852581,659611,1,PayPal,1,1949.07
20281963,167894,1,Apple Pay,1,419.7
65296458,318710,1,Mastercard,1,1199.44
32210983,167117,1,Bank Transfer,1,3971.62
51903842,961689,1,Klarna,12,2212.01
84695200,302731,1,PayPal,1,1312.12
61260612,805136,1,Mastercard,1,1366.27
63533924,540678,1,Apple Pay,1,3410.62
55536911,803657,1,PayPal,1,3265.33
28322429,286293,1,iDEAL,1,94.72
81383566,416505,1,Klarna,12,688.41
59600615,585371,1,Visa,1,2517.76
29913221,443312,1,PayPal,1,5045.14
13587430,872612,1,PayPal,1,4097.75
47309921,200489,1,Apple Pay,1,7879.7
13403753,250988,1,Klarna,12,1816.18
35564572,156997,1,iDEAL,1,5928.39
59453009,329448,1,PayPal,1,4667.54
74741097,583089,1,Bank Transfer,1,1393.17
86463179,489995,1,Apple Pay,1,3899.58
80764480,419284,1,Klarna,6,812.08
66392923,913149,1,Apple Pay,1,7266.9
20754302,388020,1,iDEAL,1,3407.63
96590055,839396,1,Bank Transfer,1,2329.13
30702243,416135,1,Visa,1,62.92
28584179,911751,1,Visa,1,2638.06
87264237,859315,1,Apple Pay,1,3272.47
95986760,610149,1,Klarna,12,1139.78
69332079,884320,1,Klarna,3,1397.34
32566680,873036,1,Visa,1,2381.82
16038311,861813,1,Visa,1,2733.13
87969682,568708,1,Apple Pay,1,314.45
51050279,125217,1,iDEAL,1,1469.69
53571360,786383,1,Apple Pay,1,7318.76
31408706,172091,1,Apple Pay,1,802.94
19102920,515195,1,Visa,1,2512.52
29938640,162751,1,PayPal,1,3847.06
90804842,576794,1,Google Pay,1,6256.24
59816866,484187,1,PayPal,1,8567.72
86701548,227404,1,Bank Transfer,1,219.58
54093386,993978,1,iDEAL,1,8428.78
78888010,822300,1,Apple Pay,1,4777.98
38161548,241696,1,PayPal,1,909.72
18878663,760097,1,Mastercard,1,3451.52
65827247,339154,1,PayPal,1,550.1
31524707,332304,1,Google Pay,1,995.69
73166125,926602,1,Google Pay,1,4356.04
42363610,584101,1,Apple Pay,1,235.4
64680982,715089,1,Google Pay,1,5994.07
69102530,565911,1,Mastercard,1,476.67
28043892,313560,1,PayPal,1,13311.13
73458218,182148,1,Apple Pay,1,29.95
40190156,620173,1,iDEAL,1,3406.3
92406517,758057,1,Visa,1,710.0
92792640,120120,1,Bank Transfer,1,3152.93
13198790,958116,1,Bank Transfer,1,1068.07
25334940,234017,1,Mastercard,1,3439.33
86455832,104252,1,Google Pay,1,3698.05
40374204,149810,1,Google Pay,1,641.63
26895705,831580,1,Google Pay,1,5752.2
18519823,731365,1,iDEAL,1,185.85
46955003,559382,1,iDEAL,1,752.47
32719438,832997,1,Google Pay,1,1339.34
80029175,534555,1,iDEAL,1,43.85
12874021,140103,1,Mastercard,1,767.09
63184981,254979,1,iDEAL,1,5379.08
41059029,227272,1,iDEAL,1,2893.73
42789539,993978,1,Klarna,1,3424.97
45144049,855916,1,Klarna,12,3464.34
81168680,126153,1,Visa,1,107.77
79863838,431675,1,Apple Pay,1,7102.26
55793095,354629,1,PayPal,1,5954.4
20111398,376879,1,Visa,1,2543.7
62175230,933018,1,Bank Transfer,1,1518.55
87897176,897992,1,Visa,1,4749.13
36177525,230242,1,Mastercard,1,2164.94
20596772,452368,1,Mastercard,1,437.03
37869605,298418,1,PayPal,1,5788.97
78669742,681509,1,Klarna,12,1901.47
74113129,195442,1,iDEAL,1,2674.18
14271312,995501,1,Visa,1,405.67
96703083,383390,1,Google Pay,1,1256.11
81669308,555732,1,Visa,1,76.76
11255800,210011,1,iDEAL,1,2745.08
64318791,297201,1,Apple Pay,1,4922.5
80658243,973957,1,Klarna,12,2858.99
64251380,680511,1,Bank Transfer,1,6889.67
19690582,712453,1,Visa,1,6890.83
67123221,402884,1,PayPal,1,2475.07
33147276,886683,1,iDEAL,1,6589.87
90766428,446909,1,Visa,1,1454.17
19825924,700508,1,Visa,1,1440.36
85577105,150521,1,Mastercard,1,191.91
58430182,566015,1,Visa,1,199.45
59136065,899867,1,Google Pay,1,1243.59
14642672,813039,1,Google Pay,1,5885.39
98817747,519432,1,Google Pay,1,5674.42
70611466,108271,1,Klarna,1,98.81
27918027,484644,1,Mastercard,1,5731.85
32864787,194673,1,Mastercard,1,792.55
55381041,213743,1,Klarna,12,3644.95
79265615,364672,1,PayPal,1,1819.04
98248241,345333,1,Apple Pay,1,1850.54
70427561,936011,1,Klarna,6,2956.57
45198582,878584,1,Apple Pay,1,778.06
28839556,415908,1,Google Pay,1,2465.4
67737106,637041,1,PayPal,1,547.36
23128357,609551,1,iDEAL,1,2362.06
46866778,467017,1,Bank Transfer,1,4057.96
80465230,170791,1,Bank Transfer,1,2905.96
11727053,924226,1,Klarna,6,83.09
34348930,983427,1,Mastercard,1,2771.69
58353943,619512,1,Apple Pay,1,1361.12
38871807,274410,1,PayPal,1,4011.39
38317611,896745,1,PayPal,1,2902.69
72467221,594309,1,Apple Pay,1,6412.4
62996907,994357,1,Google Pay,1,2150.38
14059863,128800,1,Klarna,6,86.84
36342276,678077,1,Visa,1,3080.32
81027069,728327,1,PayPal,1,3853.44
69863041,800457,1,Visa,1,7264.56
48104359,912568,1,Google Pay,1,6471.33
54093465,516881,1,Apple Pay,1,3255.67
86718722,596271,1,Klarna,12,750.76
46901059,451654,1,PayPal,1,2485.9
98350253,757235,1,PayPal,1,1970.42
24827887,136578,1,Mastercard,1,1159.34
67866372,705133,1,Mastercard,1,305.78
67505767,334500,1,iDEAL,1,257.35
35204048,582914,1,Klarna,12,1740.5
37559505,322759,1,Google Pay,1,1185.56
89525761,326277,1,iDEAL,1,1902.05
25793341,472291,1,Apple Pay,1,3032.11
88008537,506079,1,Visa,1,639.62
99987120,858382,1,Bank Transfer,1,4943.02
87377150,471500,1,Mastercard,1,3646.66
61594897,480773,1,Apple Pay,1,1743.35
64335742,261288,1,iDEAL,1,8931.34
57475159,405988,1,Mastercard,1,94.09
77375558,665229,1,Bank Transfer,1,225.63
32026206,173436,1,Mastercard,1,559.92
10854737,121147,1,PayPal,1,407.72
86606098,589493,1,Mastercard,1,435.45
12603078,521830,1,Mastercard,1,7817.7
13258590,812347,1,Bank Transfer,1,227.24
86713359,817660,1,Mastercard,1,2811.72
12602135,184496,1,Apple Pay,1,1730.17
97035008,407195,1,Visa,1,3844.94
74877604,182592,1,Visa,1,4472.61
91111228,344289,1,Mastercard,1,7242.11
93154919,665447,1,Klarna,1,2017.31
81228907,671586,1,Google Pay,1,425.98
97152713,464598,1,Visa,1,4342.18
75797115,893922,1,Google Pay,1,2897.56
46239459,806240,1,iDEAL,1,1737.19
88276259,247995,1,Apple Pay,1,1534.24
76086240,950040,1,Klarna,12,5985.99
18067847,154440,1,Klarna,6,5700.18
17640465,419890,1,Bank Transfer,1,2768.48
97168118,926298,1,Google Pay,1,333.52
89525107,117063,1,Apple Pay,1,125.33
99367311,878296,1,PayPal,1,2433.74
78517204,742609,1,Bank Transfer,1,2079.32
59727608,246724,1,Visa,1,1093.48
75944684,532494,1,iDEAL,1,964.45
55475976,506896,1,Bank Transfer,1,508.76
66281631,238107,1,PayPal,1,1133.69
69510474,608042,1,Klarna,1,1561.14
45289848,259708,1,Klarna,3,3334.25
41337479,173651,1,Google Pay,1,5089.71
85400909,453111,1,PayPal,1,6435.54
49019651,736963,1,Bank Transfer,1,134.26
47413454,906703,1,Google Pay,1,198.2
45861910,663988,1,Google Pay,1,6001.38
21588799,527005,1,Visa,1,1156.86
66418263,274407,1,Klarna,1,1950.26
53667549,991663,1,iDEAL,1,4800.25
50368700,338640,1,Visa,1,2355.4
33333815,460683,1,Visa,1,3285.54
20326360,734314,1,Apple Pay,1,1387.01
76165767,241893,1,Apple Pay,1,952.4
37715431,114635,1,Mastercard,1,382.41
52379338,735775,1,Bank Transfer,1,1976.1
55505151,821135,1,iDEAL,1,1802.78
45113649,718997,1,iDEAL,1,769.98
82941535,559934,1,Bank Transfer,1,5017.28
54329532,141243,1,Klarna,6,1092.54
82802330,514770,1,Mastercard,1,548.57
85041452,725662,1,iDEAL,1,4623.2
38522725,559664,1,Bank Transfer,1,7068.88
73020033,157681,1,Visa,1,940.8
67874999,192162,1,Visa,1,5364.92
26757674,279604,1,Klarna,12,2992.82
57546397,250273,1,Mastercard,1,181.2
61191831,201783,1,iDEAL,1,91.68
52678857,531928,1,Mastercard,1,121.96
10750682,220203,1,Google Pay,1,1509.28
55778925,315541,1,Apple Pay,1,2022.02
66378140,364146,1,Mastercard,1,3007.91
21910677,557192,1,iDEAL,1,1971.28
48788252,572836,1,Mastercard,1,6541.9
36710500,677681,1,Bank Transfer,1,3087.02
18322394,457942,1,Apple Pay,1,737.55
97866540,878247,1,iDEAL,1,6347.26
56823305,560446,1,Apple Pay,1,722.06
13036670,525871,1,Apple Pay,1,7835.71
28003334,441257,1,Apple Pay,1,4537.3
30583185,935200,1,Visa,1,7383.7
26350667,386172,1,Visa,1,989.3
95093706,470996,1,Mastercard,1,2749.28
20805120,473193,1,Klarna,1,1295.5
43472175,339132,1,Visa,1,6518.86
61879976,877300,1,Google Pay,1,482.69
59805788,898041,1,Apple Pay,1,1655.3
38262606,326429,1,Visa,1,407.02
50479650,970399,1,Mastercard,1,1317.65
15771028,384363,1,Klarna,6,2827.79
13000074,279462,1,Visa,1,4165.1
31377416,309184,1,Klarna,12,2270.66
61009135,410257,1,Klarna,12,205.15
98528846,629661,1,Google Pay,1,800.49
31564266,304053,1,Bank Transfer,1,3125.12
35075487,246144,1,Klarna,6,3785.85
89954528,195966,1,PayPal,1,4887.81
59778910,166937,1,Apple Pay,1,1994.84
50179126,893723,1,Visa,1,2970.72
18937404,272189,1,Klarna,3,2197.94
71707780,794678,1,Bank Transfer,1,3168.9
54786296,150668,1,iDEAL,1,6132.04
55303212,423182,1,Klarna,3,3964.98
78079762,876429,1,Bank Transfer,1,427.01
19408219,574205,1,PayPal,1,2559.08
64472260,669741,1,Bank Transfer,1,3140.25
79168513,505784,1,Klarna,12,3854.96
65650875,504659,1,Bank Transfer,1,1012.3
38738632,670004,1,Visa,1,2522.16
57168731,967585,1,PayPal,1,2810.76
16829649,769204,1,Apple Pay,1,7665.87
26153727,550051,1,Apple Pay,1,734.37
16140988,703747,1,Mastercard,1,3869.36
45444827,353079,1,Google Pay,1,44.5
53889573,791440,1,Mastercard,1,841.59
98218316,810712,1,Apple Pay,1,1501.0
61033979,763345,1,Visa,1,492.5
36232563,843857,1,Bank Transfer,1,6343.23
46604278,859921,1,Google Pay,1,7064.32
37119008,519259,1,Bank Transfer,1,8679.04
64362883,167805,1,Klarna,3,454.28
24134199,104288,1,PayPal,1,407.22
48370410,626156,1,Klarna,6,891.06
94484853,178210,1,Apple Pay,1,920.29
39157815,364687,1,Visa,1,246.5
12189974,932749,1,PayPal,1,2814.06
39355940,768932,1,PayPal,1,286.0
92091503,449252,1,Apple Pay,1,8467.17
39059244,942111,1,Klarna,3,3596.1
90147232,997370,1,Apple Pay,1,3420.19
38062385,836239,1,Google Pay,1,908.21
51966848,814018,1,Bank Transfer,1,3770.84
77050487,528273,1,Apple Pay,1,1194.83
69499534,334793,1,Google Pay,1,4501.51
12367040,917937,1,Mastercard,1,5192.0
88256221,557574,1,PayPal,1,1418.32
81905037,675563,1,Mastercard,1,4316.42
15759465,632694,1,iDEAL,1,76.02
15228336,823971,1,Visa,1,1063.4
21761668,377831,1,Apple Pay,1,3577.45
10185655,657048,1,Bank Transfer,1,2839.17
29962025,905988,1,Visa,1,7180.59
31160952,414811,1,Visa,1,3031.78
53475563,569184,1,PayPal,1,3633.1
23286100,318845,1,Visa,1,4314.9
86173054,348408,1,Visa,1,2351.02
66095701,298593,1,PayPal,1,1915.53
77482194,583593,1,PayPal,1,615.62
46604763,236562,1,Visa,1,976.55
10997819,729510,1,iDEAL,1,4977.31
77272462,217799,1,Klarna,6,5235.87
27340442,213523,1,iDEAL,1,3962.16
82375773,749586,1,PayPal,1,3602.74
97945410,153120,1,Visa,1,1099.6
44670521,846571,1,Visa,1,837.22
47298521,876869,1,Klarna,1,3292.65
93602702,655304,1,PayPal,1,63.51
47865055,455205,1,Klarna,1,3261.72
46748297,260025,1,Apple Pay,1,1653.7
93243663,480718,1,Apple Pay,1,4995.45
65818782,699294,1,Apple Pay,1,96.73
76674660,510038,1,iDEAL,1,6116.71
95673411,839547,1,Bank Transfer,1,83.34
92668734,735649,1,PayPal,1,1574.26
27275975,646250,1,iDEAL,1,731.73
82533355,798456,1,Apple Pay,1,1760.5
90380298,605972,1,Visa,1,1277.05
20891851,268256,1,Google Pay,1,3273.45
13440934,385001,1,Mastercard,1,1396.26
37903822,534223,1,Visa,1,1246.84
57866605,113339,1,Klarna,3,873.93
90045775,585735,1,Bank Transfer,1,844.76
28030297,375974,1,PayPal,1,2447.96
34590913,249473,1,PayPal,1,614.8
44226945,732820,1,Google Pay,1,1362.88
22131359,590615,1,Google Pay,1,2914.62
15066778,572972,1,PayPal,1,234.2
57519625,354126,1,Klarna,1,611.17
79554615,547226,1,Mastercard,1,421.13
92138137,608697,1,iDEAL,1,1484.98
57670761,236874,1,iDEAL,1,5595.65
24436520,145457,1,Apple Pay,1,962.06
40967049,679407,1,Klarna,6,2536.67
91684507,318242,1,Mastercard,1,855.16
35035802,231026,1,Apple Pay,1,4462.83
12199759,271132,1,PayPal,1,4232.8
64026335,662475,1,Visa,1,1307.45
53558369,692812,1,Bank Transfer,1,9412.38
64879599,893336,1,Apple Pay,1,9239.31
89775797,156217,1,Google Pay,1,2781.49
37893273,999049,1,Apple Pay,1,212.61
99670917,499736,1,Klarna,12,196.71
42239252,404864,1,iDEAL,1,5896.54
98705716,147390,1,Klarna,3,8635.33
30080195,238450,1,Apple Pay,1,6586.22
91126608,223311,1,Apple Pay,1,346.77
41800499,729302,1,Google Pay,1,3372.27
44166251,499699,1,Visa,1,5051.18
67610698,900591,1,Klarna,3,4208.92
76938582,756607,1,PayPal,1,1839.49
92682910,151676,1,Mastercard,1,4376.51
59389751,633155,1,Apple Pay,1,2124.07
11390014,801020,1,Bank Transfer,1,831.33
75188247,203586,1,Google Pay,1,4186.35
32042896,154318,1,Bank Transfer,1,203.82
16906890,392839,1,Visa,1,305.88
62644450,590737,1,Apple Pay,1,2211.04
30359224,696647,1,Apple Pay,1,67.1
91256924,888921,1,iDEAL,1,4759.42
31689560,579539,1,Mastercard,1,1193.07
78673978,864137,1,Mastercard,1,4852.03
54005221,435758,1,Bank Transfer,1,68.35
91018643,364245,1,Google Pay,1,2347.83
45773741,657714,1,Klarna,12,145.67
30389278,690684,1,Bank Transfer,1,5406.46
72913800,125012,1,Bank Transfer,1,2205.72
50511547,401172,1,Mastercard,1,2335.91
78009322,994737,1,Klarna,12,3328.45
68849320,492351,1,Apple Pay,1,768.62
43515487,712639,1,Klarna,3,1390.0
52627954,687445,1,Bank Transfer,1,1638.2
38018143,650793,1,PayPal,1,1596.47
56873541,531618,1,Mastercard,1,75.86
77986700,407047,1,Mastercard,1,4268.79
67137741,906959,1,iDEAL,1,450.39
64774184,391659,1,Klarna,6,4275.46
30786966,704686,1,iDEAL,1,2871.52
45272656,487265,1,Visa,1,951.27
61401192,469053,1,Bank Transfer,1,2753.12
63734740,731828,1,Klarna,12,4754.75
65808105,774579,1,Visa,1,1454.23
47549794,931040,1,Apple Pay,1,952.61
14411320,537939,1,iDEAL,1,914.1
27996684,523191,1,iDEAL,1,2089.85
66287468,248727,1,Apple Pay,1,140.48
43404028,683660,1,Visa,1,3064.25
53947591,831646,1,Google Pay,1,3836.22
36248928,240107,1,Visa,1,5745.7
46550312,935882,1,iDEAL,1,1248.5
72248886,379131,1,Klarna,1,915.76
86159460,180707,1,Mastercard,1,6232.3
57883556,532411,1,Bank Transfer,1,2379.49
12352081,117167,1,iDEAL,1,2771.34
37012641,894782,1,iDEAL,1,1829.93
18501250,305041,1,Mastercard,1,3120.01
34430403,423260,1,Google Pay,1,560.2
29033763,426026,1,Klarna,3,1220.84
26510021,743736,1,iDEAL,1,2770.64
52491561,249844,1,Visa,1,3026.33
64995136,114598,1,Apple Pay,1,575.03
62185412,915443,1,iDEAL,1,3427.63
11341359,676760,1,Mastercard,1,1497.87
30648106,259305,1,PayPal,1,3352.79
69730989,770597,1,Google Pay,1,6596.94
39056864,831858,1,Google Pay,1,1928.81
41822011,458037,1,Google Pay,1,6488.9
18185435,967677,1,Mastercard,1,4656.07
17041714,560543,1,PayPal,1,2710.78
52552158,699609,1,iDEAL,1,2957.41
93077697,781190,1,Mastercard,1,447.91
12926628,334791,1,Apple Pay,1,37.47
36165563,932019,1,Google Pay,1,3190.7
33294811,841198,1,PayPal,1,2084.85
46249341,679744,1,PayPal,1,2209.44
86464000,366486,1,Google Pay,1,116.07
23749362,376813,1,Bank Transfer,1,925.5
35245064,748946,1,Google Pay,1,1859.97
35312170,997447,1,Mastercard,1,5047.09
57395840,753111,1,Google Pay,1,95.01
92913410,915070,1,iDEAL,1,3080.76
20130260,781774,1,Mastercard,1,1037.44
25498932,496357,1,iDEAL,1,1090.94
35112763,306940,1,Google Pay,1,4416.92
38402970,487665,1,Klarna,1,204.35
29606189,838542,1,PayPal,1,4585.88
35684859,253025,1,Mastercard,1,2592.18
40842481,517453,1,Visa,1,2178.77
58517232,682242,1,Visa,1,4367.57
98329248,222081,1,Mastercard,1,7296.81
40438419,300481,1,Apple Pay,1,920.51
98935642,537579,1,Google Pay,1,7610.67
11257293,130831,1,Apple Pay,1,5113.93
49863482,847391,1,Apple Pay,1,2892.96
36132680,999090,1,PayPal,1,3265.97
61882843,304066,1,Apple Pay,1,4429.16
43785907,478222,1,Klarna,3,551.09
12321947,378586,1,Visa,1,1473.6
55480497,220180,1,Google Pay,1,137.0
72217715,608646,1,PayPal,1,4093.43
78316430,121230,1,PayPal,1,1698.12
77968894,934447,1,iDEAL,1,4484.72
47642049,616425,1,iDEAL,1,4481.98
90493548,665606,1,Mastercard,1,2001.78
63150772,871300,1,Klarna,12,3027.67
31920470,484201,1,Apple Pay,1,1439.38
14210211,671094,1,Mastercard,1,5051.43
67247613,962076,1,Google Pay,1,2708.83
14035297,558213,1,Klarna,1,238.75
74363570,214043,1,Klarna,12,223.37
28928429,524331,1,Bank Transfer,1,6270.87
89474792,878820,1,PayPal,1,6683.4
59425132,383525,1,Visa,1,2283.59
40691658,765661,1,Mastercard,1,962.98
95299026,929613,1,Visa,1,4372.24
59115159,791974,1,Klarna,6,40.5
39624811,883752,1,Visa,1,3015.67
66093846,652092,1,Bank Transfer,1,11588.44
56069141,647534,1,Google Pay,1,537.72
25528724,148118,1,Mastercard,1,3295.13
30753768,417008,1,Bank Transfer,1,4271.53
19939433,226111,1,Visa,1,367.53
88476245,160063,1,PayPal,1,2969.22
39279390,928837,1,Bank Transfer,1,1555.12
65435520,593799,1,Visa,1,2620.19
20039245,721015,1,Klarna,12,66.91
67115401,259962,1,PayPal,1,1463.99
23758454,270346,1,Apple Pay,1,178.64
53748056,617965,1,Klarna,3,3446.01
52935550,226369,1,iDEAL,1,99.5
79837519,781040,1,PayPal,1,5376.33
40103292,838912,1,Mastercard,1,5436.55
88038805,810260,1,Visa,1,1931.42
12909163,143726,1,Google Pay,1,68.82
13731566,916198,1,Klarna,12,806.77
72486120,386173,1,Apple Pay,1,3981.95
61927667,685090,1,Mastercard,1,7532.34
70900908,222261,1,iDEAL,1,4739.68
32176060,660901,1,Apple Pay,1,315.18
88179036,906695,1,Bank Transfer,1,1476.38
56908437,426076,1,Apple Pay,1,3785.53
75661748,607764,1,PayPal,1,846.37
27567765,566724,1,Mastercard,1,4463.06
11898004,711947,1,Google Pay,1,1677.0
47047522,436658,1,Klarna,12,1141.03
59586091,977023,1,Google Pay,1,52.43
28825668,717153,1,Klarna,1,3626.72
80193208,316537,1,Klarna,3,917.31
86989766,167458,1,Visa,1,229.33
29850644,494749,1,Google Pay,1,5727.1
10220423,157725,1,Visa,1,2057.43
74371989,547722,1,Apple Pay,1,1762.57
36793326,984374,1,Bank Transfer,1,942.49
35089908,541790,1,Apple Pay,1,750.62
36448866,569108,1,Apple Pay,1,1219.11
69542056,430352,1,Bank Transfer,1,3449.89
56925456,217809,1,Mastercard,1,1655.45
44529093,298211,1,iDEAL,1,1107.99
51573570,416347,1,Visa,1,1423.15
45635087,461934,1,Bank Transfer,1,7298.58
21517871,224580,1,Google Pay,1,2439.26
49437018,704340,1,Visa,1,641.38
10066960,191572,1,Google Pay,1,2245.2
77465757,968351,1,Klarna,12,4486.04
73621727,725456,1,Klarna,12,5543.8
96263559,711692,1,Klarna,12,3711.21
93133417,777641,1,Klarna,12,4038.69
15136909,992481,1,iDEAL,1,4150.55
82462746,625691,1,Klarna,6,2573.21
14950776,736100,1,Bank Transfer,1,4865.67
23212089,418101,1,Visa,1,2632.77
68772034,183189,1,Google Pay,1,188.89
60796130,549153,1,iDEAL,1,8799.88
81741497,182487,1,Klarna,3,112.51
93316908,458021,1,Bank Transfer,1,2842.57
39833355,985590,1,Apple Pay,1,3013.49
41369260,763226,1,Apple Pay,1,1599.4
91325582,553661,1,Visa,1,89.23
75783569,645805,1,Google Pay,1,3039.95
44937506,100376,1,Mastercard,1,573.68
85257395,407895,1,Google Pay,1,3517.3
32187064,309010,1,Mastercard,1,3272.26
27135325,564674,1,Mastercard,1,1146.03
26643262,320569,1,Klarna,6,6722.64
20164006,860904,1,Apple Pay,1,3196.87
41337970,955485,1,Visa,1,2241.6
92513924,339175,1,iDEAL,1,2875.05
87269223,163412,1,Mastercard,1,709.61
52202494,495647,1,Klarna,12,8284.23
70237401,637449,1,Apple Pay,1,6108.06
66230428,576544,1,Klarna,3,1578.0
32923110,596040,1,Google Pay,1,9205.22
22101448,393737,1,PayPal,1,5809.65
41547120,777027,1,Apple Pay,1,36.29
25801718,708401,1,Google Pay,1,4688.8
98764317,131309,1,Bank Transfer,1,4014.18
63032535,861512,1,Bank Transfer,1,5441.08
14746977,373406,1,Mastercard,1,3014.64
46628166,948554,1,Bank Transfer,1,7468.96
94485500,834977,1,Mastercard,1,1234.3
89746907,841685,1,Apple Pay,1,3834.14
49486812,926557,1,Mastercard,1,2209.14
80079022,210677,1,Google Pay,1,1477.79
83865484,175498,1,Google Pay,1,5128.26
40187245,178342,1,Bank Transfer,1,1548.73
62084163,865265,1,Bank Transfer,1,9181.03
65578047,456337,1,Google Pay,1,73.88
60813132,392958,1,Google Pay,1,135.99
16872671,208500,1,PayPal,1,2824.45
25229547,786076,1,PayPal,1,1486.5
59520900,670674,1,Apple Pay,1,2460.86
24408472,994843,1,Mastercard,1,1716.42
79766129,630060,1,Mastercard,1,3275.47
34326225,296136,1,Klarna,3,2426.14
28598352,294786,1,Klarna,6,1602.81
54328138,177694,1,iDEAL,1,4454.19
50633162,262516,1,Google Pay,1,2557.01
28438106,891747,1,Mastercard,1,4527.89
89945345,424284,1,Mastercard,1,1181.38
19635997,935886,1,Visa,1,3615.21
33669001,388338,1,iDEAL,1,361.31
54194466,823068,1,PayPal,1,3532.69
39107496,722113,1,Mastercard,1,99.48
49854868,910688,1,Apple Pay,1,3028.5
16137516,963593,1,Apple Pay,1,2180.74
94363033,652771,1,Klarna,3,2727.6
22854032,617723,1,Klarna,12,2235.87
94203225,222167,1,Google Pay,1,318.55
83793884,240282,1,Google Pay,1,10872.54
88207478,399340,1,Mastercard,1,1806.47
85014955,842601,1,Mastercard,1,2285.58
41878531,232811,1,iDEAL,1,792.35
55241184,777508,1,Google Pay,1,924.73
71951471,881346,1,Visa,1,6170.43
96372734,946160,1,Bank Transfer,1,1052.85
68687626,388891,1,Google Pay,1,4843.97
68707517,434854,1,Google Pay,1,3294.44
20757923,669060,1,Apple Pay,1,6019.91
50544481,871333,1,Klarna,12,225.72
84545907,943271,1,Visa,1,242.98
83583913,223591,1,Klarna,3,4493.14
17530764,690558,1,Visa,1,951.48
32884137,639541,1,PayPal,1,2858.59
35984826,440670,1,iDEAL,1,1310.7
45703784,688193,1,Klarna,6,1715.38
62327357,150978,1,Klarna,12,4347.5
22027495,834626,1,Apple Pay,1,3407.86
50929472,155113,1,Visa,1,2266.71
92198249,664661,1,iDEAL,1,3915.98
50935236,824156,1,Klarna,12,121.52
65524359,281401,1,Google Pay,1,1685.14
74371320,150494,1,Visa,1,6847.97
21855257,863199,1,PayPal,1,737.21
11781619,959203,1,Visa,1,2523.93
34128620,994739,1,PayPal,1,7400.9
65842238,538137,1,Visa,1,1204.73
74184927,364200,1,Klarna,6,3093.08
58476086,476399,1,Mastercard,1,8314.03
87441350,310043,1,PayPal,1,3663.09
22086999,717212,1,Mastercard,1,4111.42
56047582,772795,1,iDEAL,1,362.77
92672349,801029,1,Bank Transfer,1,2238.12
49888928,644395,1,PayPal,1,1533.47
53713668,739236,1,Google Pay,1,2383.77
89438348,628798,1,Google Pay,1,2168.15
48475542,160291,1,Bank Transfer,1,4622.84
19745497,551713,1,PayPal,1,157.01
73668013,522788,1,Mastercard,1,2087.86
90417213,978136,1,Visa,1,3252.73
52944575,729972,1,Google Pay,1,910.3
39933936,774637,1,Klarna,12,1123.43
15690501,329450,1,Bank Transfer,1,5590.77
69641382,468411,1,Mastercard,1,1327.02
98214054,164204,1,Bank Transfer,1,549.56
39692516,788154,1,Visa,1,70.61
77496188,697314,1,PayPal,1,3105.97
51148686,988221,1,Visa,1,4365.88
81711633,492436,1,Klarna,12,181.5
76768058,615727,1,iDEAL,1,4105.31
70141235,214098,1,Visa,1,1922.46
57415392,413513,1,Google Pay,1,7778.82
43097185,381897,1,Visa,1,3151.24
52893509,487353,1,PayPal,1,2310.59
87647239,119064,1,Visa,1,3057.44
54495169,782825,1,Klarna,3,7864.88
73339798,873239,1,Mastercard,1,1661.31
11019321,161843,1,PayPal,1,1366.37
58196677,581011,1,iDEAL,1,124.6
96573307,196646,1,Apple Pay,1,8314.36
50920979,595205,1,Google Pay,1,5999.27
76759850,987409,1,Bank Transfer,1,3336.78
93901167,173933,1,Google Pay,1,152.59
80006746,777571,1,iDEAL,1,2168.4
27859313,341347,1,PayPal,1,2608.02
17455089,270593,1,PayPal,1,3700.89
25235575,852046,1,Klarna,3,3156.06
93627488,967474,1,Mastercard,1,1375.44
27097270,607723,1,iDEAL,1,5144.13
63913230,146407,1,Bank Transfer,1,2715.13
30699425,574384,1,Google Pay,1,1868.97
48748356,778754,1,Mastercard,1,4232.78
86694689,522370,1,Visa,1,4471.73
42182764,675549,1,Apple Pay,1,5185.68
14432092,639524,1,Apple Pay,1,5292.85
85909080,403496,1,Visa,1,4390.97
98968289,862202,1,iDEAL,1,936.68
28068462,221902,1,Klarna,1,4375.69
66874441,125447,1,Klarna,3,203.64
14502774,831920,1,iDEAL,1,2808.67
20337543,344997,1,Mastercard,1,5792.82
19796985,402803,1,Klarna,6,2711.57
64190083,606051,1,Apple Pay,1,1114.81
80401388,265617,1,Mastercard,1,1563.03
38183011,677068,1,Klarna,1,851.92
79976264,748154,1,PayPal,1,77.54
34549435,170977,1,Google Pay,1,860.61
98393402,154714,1,Google Pay,1,3394.59
21481426,537216,1,Mastercard,1,5170.79
57558147,179859,1,Bank Transfer,1,2278.76
66785537,941163,1,Bank Transfer,1,2161.03
97114242,587695,1,Mastercard,1,4141.77
77577134,387552,1,Visa,1,5867.29
42374489,899645,1,Apple Pay,1,6898.06
76705180,998476,1,iDEAL,1,1475.09
73484984,386700,1,Google Pay,1,1677.01
70456470,763846,1,Bank Transfer,1,44.82
93955109,474665,1,Klarna,6,225.6
79617366,653325,1,PayPal,1,1106.9
57630919,537453,1,Bank Transfer,1,794.41
12739128,603659,1,iDEAL,1,4930.46
72248341,331314,1,Apple Pay,1,3503.71
54948072,837858,1,iDEAL,1,239.81
32579505,466745,1,PayPal,1,4612.34
53289496,948992,1,Google Pay,1,3797.21
83844323,242301,1,iDEAL,1,928.61
97597605,497263,1,iDEAL,1,1935.76
42999350,291651,1,Bank Transfer,1,4235.91
32497171,349105,1,Visa,1,2768.98
89270000,757479,1,iDEAL,1,4176.48
28639730,347632,1,Klarna,3,97.86
35736751,354783,1,Visa,1,1193.31
24034709,720032,1,Google Pay,1,457.66
42243039,563516,1,Google Pay,1,1530.45
43272290,362363,1,PayPal,1,4445.96
84765225,972311,1,Apple Pay,1,2985.11
51078462,266740,1,Google Pay,1,1133.19
12581040,448275,1,Bank Transfer,1,4362.11
65876225,441106,1,Visa,1,2226.14
42397822,848146,1,Google Pay,1,83.19
55021784,325149,1,Mastercard,1,8059.52
26784416,764892,1,Google Pay,1,2451.77
15367444,261626,1,Apple Pay,1,4443.6
58156963,618321,1,Google Pay,1,4669.89
80498069,168016,1,Apple Pay,1,2199.83
37958088,228004,1,Mastercard,1,9832.3
63023897,871135,1,Visa,1,454.17
69492596,813980,1,Bank Transfer,1,4994.58
36327828,333675,1,Apple Pay,1,45.97
89239857,500110,1,iDEAL,1,1100.08
17984456,448200,1,Apple Pay,1,909.22
53170144,627353,1,Bank Transfer,1,809.71
35701174,503576,1,Klarna,3,6310.04
16833143,717183,1,Apple Pay,1,842.56
54645989,764823,1,Visa,1,366.04
78588522,630353,1,Google Pay,1,2127.7
70741039,876143,1,Visa,1,120.81
95196185,168545,1,iDEAL,1,6490.38
52531792,358936,1,Klarna,1,1158.96
41988056,346312,1,PayPal,1,864.32
49141473,328505,1,Mastercard,1,3531.99
97737104,630758,1,Klarna,3,3375.59
66074592,953401,1,Mastercard,1,1318.66
86398848,491799,1,Google Pay,1,230.93
14060684,668674,1,Google Pay,1,2006.83
43906853,705619,1,iDEAL,1,2579.33
48353162,616182,1,Bank Transfer,1,2049.09
82697676,811622,1,PayPal,1,1315.47
66863709,508806,1,Google Pay,1,4025.29
27354764,179006,1,Klarna,6,892.22
52956701,618345,1,Bank Transfer,1,443.15
60017906,606811,1,Visa,1,1695.06
92338400,101084,1,PayPal,1,711.55
36946282,258122,1,Apple Pay,1,906.23
96385259,436596,1,Apple Pay,1,2519.66
47921432,662076,1,Bank Transfer,1,3958.54
96064697,619866,1,Mastercard,1,399.64
13426218,616939,1,Bank Transfer,1,8910.96
86973184,738244,1,Klarna,3,952.97
16376661,975779,1,Bank Transfer,1,7260.02
30943775,754907,1,iDEAL,1,3133.85
96733891,639317,1,Klarna,6,967.1
45040076,896245,1,Apple Pay,1,545.88
28387897,799073,1,PayPal,1,120.03
63179445,190161,1,Mastercard,1,3126.04
13128070,508269,1,Visa,1,964.55
83366095,870429,1,Klarna,12,1619.76
58548500,438995,1,Google Pay,1,6060.83
74544635,456313,1,Klarna,3,118.96
57579185,430531,1,Apple Pay,1,451.27
93035324,806169,1,iDEAL,1,3130.07
18313365,241793,1,Visa,1,2735.6
20341704,367434,1,Klarna,3,4309.06
58261316,907380,1,Apple Pay,1,6764.87
22172586,178846,1,Apple Pay,1,1173.54
11826631,819512,1,Klarna,6,2216.35
51438929,932413,1,Mastercard,1,5010.26
29061859,316029,1,Apple Pay,1,3766.1
97087822,637317,1,Bank Transfer,1,2346.39
11564106,691955,1,Bank Transfer,1,3736.97
60137214,453607,1,Visa,1,3651.01
